raw_index,checklist_id,city,daypart,weather,canonical_filename,mapping_status,confidence,evidence,source_filename,source_part,sha256,repo_asset,source_archive_path
001,478,Kuala Lumpur,Night,Snow,478-kuala-lumpur-night-snow.png,PRIMARY_FOR_SLOT,HIGH,distinctive landmark/skyline visual match,raw-001__snowy_cityscape_with_towering_skyscrapers.png,1,8907af30bac14aed3653fcf9d87371874d9e68c01de00b2ef9c0151854407e1a,assets/city-backgrounds/v1/cities/kuala-lumpur/night-snow.webp,04-manually-mapped-candidates/by-checklist-slot/478--kuala-lumpur--night-snow/PRIMARY__raw-001__raw-001__snowy_cityscape_with_towering_skyscrapers.png
002,467,Berlin,Night,Snow,467-berlin-night-snow.png,PRIMARY_FOR_SLOT,HIGH,distinctive landmark/skyline visual match,raw-002__snowy_winter_city_at_night.png,1,51fb45a4503a419a54e3db7d03a1f7a896b9c5f2fbbac65b218d90a1a94a1649,assets/city-backgrounds/v1/cities/berlin/night-snow.webp,04-manually-mapped-candidates/by-checklist-slot/467--berlin--night-snow/PRIMARY__raw-002__raw-002__snowy_winter_city_at_night.png
003,446,Paris,Night,Snow,446-paris-night-snow.png,PRIMARY_FOR_SLOT,LOW,best-fit visual match; generic or ambiguous skyline,raw-003__snowy_cityscape_with_illuminated_architecture.png,1,358c32fdff4b4cb72f6aec2081f6b9d041c938314fae262ce325556df4d36b2b,assets/city-backgrounds/v1/cities/paris/night-snow.webp,04-manually-mapped-candidates/by-checklist-slot/446--paris--night-snow/PRIMARY__raw-003__raw-003__snowy_cityscape_with_illuminated_architecture.png
004,450,London,Night,Snow,450-london-night-snow.png,PRIMARY_FOR_SLOT,LOW,best-fit visual match; generic or ambiguous skyline,raw-004__snowy_nighttime_cityscape_with_river_reflections.png,1,cb74c4d7c79b3ed0903cbeaf7ae008901d1b1ed1c83d16c26890c2a4f1990d40,assets/city-backgrounds/v1/cities/london/night-snow.webp,04-manually-mapped-candidates/by-checklist-slot/450--london--night-snow/PRIMARY__raw-004__raw-004__snowy_nighttime_cityscape_with_river_reflections.png
005,475,Bangkok,Night,Snow,475-bangkok-night-snow.png,PRIMARY_FOR_SLOT,HIGH,distinctive landmark/skyline visual match,raw-005__snowy_cityscape_with_temple_and_skyline.png,1,79ec5d516f89319ca62b4b29ab13747bbc487b7e411d4039d38b519b6c863983,assets/city-backgrounds/v1/cities/bangkok/night-snow.webp,04-manually-mapped-candidates/by-checklist-slot/475--bangkok--night-snow/PRIMARY__raw-005__raw-005__snowy_cityscape_with_temple_and_skyline.png
006,480,Manila,Night,Snow,480-manila-night-snow.png,PRIMARY_FOR_SLOT,LOW,best-fit visual match; generic or ambiguous skyline,raw-006__snowy_cityscape_with_glowing_lights.png,1,20a0170d4bce6cb061e15e5f0fc051c2586e8e273111559fa5b526eb24f8369c,assets/city-backgrounds/v1/cities/manila/night-snow.webp,04-manually-mapped-candidates/by-checklist-slot/480--manila--night-snow/PRIMARY__raw-006__raw-006__snowy_cityscape_with_glowing_lights.png
007,473,Cape Town,Night,Snow,473-cape-town-night-snow.png,PRIMARY_FOR_SLOT,HIGH,distinctive landmark/skyline visual match,raw-007__snowy_cityscape_under_stormy_skies.png,1,a6e180522d1ba564e682598db5918d900a3d83270b020ff9ae4eb3addd6d9e9c,assets/city-backgrounds/v1/cities/cape-town/night-snow.webp,04-manually-mapped-candidates/by-checklist-slot/473--cape-town--night-snow/PRIMARY__raw-007__raw-007__snowy_cityscape_under_stormy_skies.png
008,453,Seoul,Night,Snow,453-seoul-night-snow.png,PRIMARY_FOR_SLOT,HIGH,distinctive landmark/skyline visual match,raw-008__snowy_city_skyline_at_night.png,1,763c9c0e9dade94f2dbbf23cba8507f2fc5ba3c889e5101758eca0770ae34de3,assets/city-backgrounds/v1/cities/seoul/night-snow.webp,04-manually-mapped-candidates/by-checklist-slot/453--seoul--night-snow/PRIMARY__raw-008__raw-008__snowy_city_skyline_at_night.png
009,469,Vienna,Night,Snow,469-vienna-night-snow.png,PRIMARY_FOR_SLOT,LOW,best-fit visual match; generic or ambiguous skyline,raw-009__snowy_winter_cityscape_with_cathedral_glow.png,1,9731c5ae27035eb17e4b16365e4b88f158a1659e044464bbeb81b252d50c9ba5,assets/city-backgrounds/v1/cities/vienna/night-snow.webp,04-manually-mapped-candidates/by-checklist-slot/469--vienna--night-snow/PRIMARY__raw-009__raw-009__snowy_winter_cityscape_with_cathedral_glow.png
010,468,Amsterdam,Night,Snow,468-amsterdam-night-snow.png,PRIMARY_FOR_SLOT,HIGH,distinctive landmark/skyline visual match,raw-010__snowy_canal_reflections_under_city_lights.png,1,23e9a151eee369d9f245e671d7210d507833befd53bfe0024c651622f4ef0526,assets/city-backgrounds/v1/cities/amsterdam/night-snow.webp,04-manually-mapped-candidates/by-checklist-slot/468--amsterdam--night-snow/PRIMARY__raw-010__raw-010__snowy_canal_reflections_under_city_lights.png
011,471,Istanbul,Night,Snow,471-istanbul-night-snow.png,PRIMARY_FOR_SLOT,HIGH,distinctive landmark/skyline visual match,raw-011__snowy_winter_cityscape_by_the_water.png,1,fcddf812ae92cf52fe43173927a96760f6bb9edbd70266f20b4be1b84836896d,assets/city-backgrounds/v1/cities/istanbul/night-snow.webp,04-manually-mapped-candidates/by-checklist-slot/471--istanbul--night-snow/PRIMARY__raw-011__raw-011__snowy_winter_cityscape_by_the_water.png
012,469,Vienna,Night,Snow,469-vienna-night-snow.png,DUPLICATE_FOR_SLOT,LOW,best-fit visual match; generic or ambiguous skyline,raw-012__snowy_night_in_a_historic_city.png,1,4e733f08cfd7c6b83bc0f2bce457f3904b1c276983d0e3a7fe82438f6d1d9a7b,assets/city-backgrounds/v1/duplicates/469/raw-012--vienna--night-snow.webp,04-manually-mapped-candidates/by-checklist-slot/469--vienna--night-snow/DUPLICATE-01__raw-012__raw-012__snowy_night_in_a_historic_city.png
013,457,Toronto,Night,Snow,457-toronto-night-snow.png,PRIMARY_FOR_SLOT,HIGH,distinctive landmark/skyline visual match,raw-013__snowy_cityscape_with_skyline_at_night.png,1,f55fa2d3cb177c3500610df7f5aa779fc89de0114d3c83c96cc87c5a6028f8af,assets/city-backgrounds/v1/cities/toronto/night-snow.webp,04-manually-mapped-candidates/by-checklist-slot/457--toronto--night-snow/PRIMARY__raw-013__raw-013__snowy_cityscape_with_skyline_at_night.png
014,454,Beijing,Night,Snow,454-beijing-night-snow.png,PRIMARY_FOR_SLOT,LOW,best-fit visual match; generic or ambiguous skyline,raw-014__snowfall_over_a_quiet_cityscape.png,1,c034ba12c83a6c6e990ae7f1917d819befe3da840089b11759c476befda5c556,assets/city-backgrounds/v1/cities/beijing/night-snow.webp,04-manually-mapped-candidates/by-checklist-slot/454--beijing--night-snow/PRIMARY__raw-014__raw-014__snowfall_over_a_quiet_cityscape.png
015,461,Rio de Janeiro,Night,Snow,461-rio-de-janeiro-night-snow.png,PRIMARY_FOR_SLOT,LOW,best-fit visual match; generic or ambiguous skyline,raw-015__winter_cityscape_under_snowy_skies.png,1,afd43b282317bc155ae561b18964fef4d4ad67f1a268201844222494e874a9f3,assets/city-backgrounds/v1/cities/rio-de-janeiro/night-snow.webp,04-manually-mapped-candidates/by-checklist-slot/461--rio-de-janeiro--night-snow/PRIMARY__raw-015__raw-015__winter_cityscape_under_snowy_skies.png
016,464,Barcelona,Night,Snow,464-barcelona-night-snow.png,PRIMARY_FOR_SLOT,HIGH,source filename explicitly names the city,raw-016__snowy_winter_night_over_barcelona.png,1,76875e8f02a621b5a010380f80612ff139b319a21362d63fe5c727fb18e02e22,assets/city-backgrounds/v1/cities/barcelona/night-snow.webp,04-manually-mapped-candidates/by-checklist-slot/464--barcelona--night-snow/PRIMARY__raw-016__raw-016__snowy_winter_night_over_barcelona.png
017,465,Rome,Night,Snow,465-rome-night-snow.png,PRIMARY_FOR_SLOT,HIGH,distinctive landmark/skyline visual match,raw-017__snowy_winter_cityscape_with_historic_architecture.png,1,ac9cea800ba09df6f34c58e2d199ca84743eca146edbe85877213c16fa1ac6a2,assets/city-backgrounds/v1/cities/rome/night-snow.webp,04-manually-mapped-candidates/by-checklist-slot/465--rome--night-snow/PRIMARY__raw-017__raw-017__snowy_winter_cityscape_with_historic_architecture.png
018,463,Madrid,Night,Snow,463-madrid-night-snow.png,PRIMARY_FOR_SLOT,HIGH,distinctive landmark/skyline visual match,raw-018__snowy_cityscape_with_historic_dome_at_night.png,1,58ea44b8841f2df8bfa4abc966ff18d968d479b731f8d38546eae1566ed628c9,assets/city-backgrounds/v1/cities/madrid/night-snow.webp,04-manually-mapped-candidates/by-checklist-slot/463--madrid--night-snow/PRIMARY__raw-018__raw-018__snowy_cityscape_with_historic_dome_at_night.png
019,463,Madrid,Night,Snow,463-madrid-night-snow.png,DUPLICATE_FOR_SLOT,LOW,best-fit visual match; generic or ambiguous skyline,raw-019__winter_cityscape_with_snowy_rooftops.png,1,68baa1ea29bc82a40b117a072ff4143c1c98ff3f626597a6d34631d21a2b8980,assets/city-backgrounds/v1/duplicates/463/raw-019--madrid--night-snow.webp,04-manually-mapped-candidates/by-checklist-slot/463--madrid--night-snow/DUPLICATE-01__raw-019__raw-019__winter_cityscape_with_snowy_rooftops.png
020,458,Vancouver,Night,Snow,458-vancouver-night-snow.png,PRIMARY_FOR_SLOT,HIGH,distinctive landmark/skyline visual match,raw-020__snowy_cityscape_with_waterfront_reflections.png,1,3af57acfc9a656e2462a77f19b7f69d4f5e2a0d84da373d6e123df085a6a590b,assets/city-backgrounds/v1/cities/vancouver/night-snow.webp,04-manually-mapped-candidates/by-checklist-slot/458--vancouver--night-snow/PRIMARY__raw-020__raw-020__snowy_cityscape_with_waterfront_reflections.png
021,466,Milan,Night,Snow,466-milan-night-snow.png,PRIMARY_FOR_SLOT,HIGH,distinctive landmark/skyline visual match,raw-021__gothic_cathedral_in_snowy_winter_cityscape.png,1,840131afaf560f704c4fcd0a1a57e8968f79535059a0bde1bea5b46ea25d8431,assets/city-backgrounds/v1/cities/milan/night-snow.webp,04-manually-mapped-candidates/by-checklist-slot/466--milan--night-snow/PRIMARY__raw-021__raw-021__gothic_cathedral_in_snowy_winter_cityscape.png
022,453,Seoul,Night,Snow,453-seoul-night-snow.png,DUPLICATE_FOR_SLOT,HIGH,distinctive landmark/skyline visual match,raw-022__snowy_winter_city_nightscape_with_skyline.png,1,a78b48267976df2e63efa8a0192ffd7038aafd115a8cefda7e20009d1091fed4,assets/city-backgrounds/v1/duplicates/453/raw-022--seoul--night-snow.webp,04-manually-mapped-candidates/by-checklist-slot/453--seoul--night-snow/DUPLICATE-01__raw-022__raw-022__snowy_winter_city_nightscape_with_skyline.png
023,449,Shanghai,Night,Snow,449-shanghai-night-snow.png,PRIMARY_FOR_SLOT,HIGH,distinctive landmark/skyline visual match,raw-023__snowy_city_at_night_with_glowing_skyline.png,1,56d000f1d80472ab9fb4cc0000ecc4b2f3096c9db0335d7b9250f21fa92705ed,assets/city-backgrounds/v1/cities/shanghai/night-snow.webp,04-manually-mapped-candidates/by-checklist-slot/449--shanghai--night-snow/PRIMARY__raw-023__raw-023__snowy_city_at_night_with_glowing_skyline.png
024,447,Hong Kong,Night,Snow,447-hong-kong-night-snow.png,PRIMARY_FOR_SLOT,HIGH,distinctive landmark/skyline visual match,raw-024__snowy_winter_cityscape_with_skyline_reflections.png,1,6ae289af8c52f9e3722df8f8aa93be3fbed80866364fbbf99a24c4ed8b8a7a24,assets/city-backgrounds/v1/cities/hong-kong/night-snow.webp,04-manually-mapped-candidates/by-checklist-slot/447--hong-kong--night-snow/PRIMARY__raw-024__raw-024__snowy_winter_cityscape_with_skyline_reflections.png
025,456,Sydney,Night,Snow,456-sydney-night-snow.png,PRIMARY_FOR_SLOT,HIGH,source filename explicitly names the city,raw-025__snowy_winter_night_over_sydney_harbor.png,1,5da3ae30d8e71dbc972832a6ffa41428046c68ffe24d67240e9f9e09e3fc130b,assets/city-backgrounds/v1/cities/sydney/night-snow.webp,04-manually-mapped-candidates/by-checklist-slot/456--sydney--night-snow/PRIMARY__raw-025__raw-025__snowy_winter_night_over_sydney_harbor.png
026,448,Kyoto,Night,Snow,448-kyoto-night-snow.png,PRIMARY_FOR_SLOT,HIGH,distinctive landmark/skyline visual match,raw-026__snowy_night_in_a_japanese_town.png,1,8a10a231a225d4b97467ca30853fbd4305b9c140990c64b841d5fa992bb508b7,assets/city-backgrounds/v1/cities/kyoto/night-snow.webp,04-manually-mapped-candidates/by-checklist-slot/448--kyoto--night-snow/PRIMARY__raw-026__raw-026__snowy_night_in_a_japanese_town.png
027,442,Chicago,Night,Snow,442-chicago-night-snow.png,PRIMARY_FOR_SLOT,LOW,best-fit visual match; generic or ambiguous skyline,raw-027__snowy_cityscape_with_illuminated_skyscrapers.png,1,9df36624042c46de11940b8ff06f61b1e6f83d6ba1a924e661f43c3f7484b85e,assets/city-backgrounds/v1/cities/chicago/night-snow.webp,04-manually-mapped-candidates/by-checklist-slot/442--chicago--night-snow/PRIMARY__raw-027__raw-027__snowy_cityscape_with_illuminated_skyscrapers.png
028,450,London,Night,Snow,450-london-night-snow.png,DUPLICATE_FOR_SLOT,LOW,best-fit visual match; generic or ambiguous skyline,raw-028__winter_cityscape_with_shimmering_river_reflections.png,1,8e8dac01a59225afa38b03c15c03b6a47f2a0a412514e67d013923562efca423,assets/city-backgrounds/v1/duplicates/450/raw-028--london--night-snow.webp,04-manually-mapped-candidates/by-checklist-slot/450--london--night-snow/DUPLICATE-01__raw-028__raw-028__winter_cityscape_with_shimmering_river_reflections.png
029,454,Beijing,Night,Snow,454-beijing-night-snow.png,DUPLICATE_FOR_SLOT,LOW,best-fit visual match; generic or ambiguous skyline,raw-029__snowy_cityscape_at_night_with_skyscrapers.png,1,dcdab65e09528e96406a6fa61a2db7faeceb736abf5dc4d617dffc5491a1c50b,assets/city-backgrounds/v1/duplicates/454/raw-029--beijing--night-snow.webp,04-manually-mapped-candidates/by-checklist-slot/454--beijing--night-snow/DUPLICATE-01__raw-029__raw-029__snowy_cityscape_at_night_with_skyscrapers.png
030,452,San Francisco,Night,Snow,452-san-francisco-night-snow.png,PRIMARY_FOR_SLOT,HIGH,distinctive landmark/skyline visual match,raw-030__snowy_cityscape_with_bridge_and_tower.png,1,ff2a2dd1c1a02f64c8999d4c56e1dc84aea71e7247d6f56ef4f3cd9f752df18a,assets/city-backgrounds/v1/cities/san-francisco/night-snow.webp,04-manually-mapped-candidates/by-checklist-slot/452--san-francisco--night-snow/PRIMARY__raw-030__raw-030__snowy_cityscape_with_bridge_and_tower.png
031,455,Dubai,Night,Snow,455-dubai-night-snow.png,PRIMARY_FOR_SLOT,HIGH,distinctive landmark/skyline visual match,raw-031__snowy_cityscape_under_a_winter_night_sky.png,1,cdc3d220e2ae889105dac5db62c021d7175f1763216eb2a24db2a8c7dbc29243,assets/city-backgrounds/v1/cities/dubai/night-snow.webp,04-manually-mapped-candidates/by-checklist-slot/455--dubai--night-snow/PRIMARY__raw-031__raw-031__snowy_cityscape_under_a_winter_night_sky.png
032,451,Singapore,Night,Snow,451-singapore-night-snow.png,PRIMARY_FOR_SLOT,HIGH,distinctive landmark/skyline visual match,raw-032__snowy_serenity_at_marina_bay.png,1,6bcdc2414f46b34bf08dd4abdc6fe03437ac39120f6f90aef8c0d562206f3dff,assets/city-backgrounds/v1/cities/singapore/night-snow.webp,04-manually-mapped-candidates/by-checklist-slot/451--singapore--night-snow/PRIMARY__raw-032__raw-032__snowy_serenity_at_marina_bay.png
033,444,Boston,Night,Snow,444-boston-night-snow.png,PRIMARY_FOR_SLOT,LOW,best-fit visual match; generic or ambiguous skyline,raw-033__snowy_cityscape_with_skyline_glow.png,1,09c4015b802f406642fb991e3096f39ad9b4b58b1402ef30451198f626a54fc4,assets/city-backgrounds/v1/cities/boston/night-snow.webp,04-manually-mapped-candidates/by-checklist-slot/444--boston--night-snow/PRIMARY__raw-033__raw-033__snowy_cityscape_with_skyline_glow.png
034,441,Los Angeles,Night,Snow,441-los-angeles-night-snow.png,PRIMARY_FOR_SLOT,LOW,best-fit visual match; generic or ambiguous skyline,raw-034__snowy_cityscape_at_night.png,1,7ff47161bb8d66c69a100273174ce7e7498f6ef3c58cbd5f55ad5e1f7617bec5,assets/city-backgrounds/v1/cities/los-angeles/night-snow.webp,04-manually-mapped-candidates/by-checklist-slot/441--los-angeles--night-snow/PRIMARY__raw-034__raw-034__snowy_cityscape_at_night.png
035,438,Kuala Lumpur,Day,Snow,438-kuala-lumpur-day-snow.png,PRIMARY_FOR_SLOT,HIGH,distinctive landmark/skyline visual match,raw-035__snowfall_over_a_modern_snow_covered_city.png,1,f49cfcfb6c515ab094d5088204a8055fa2cc711588082fea32ec208dc5ddaf88,assets/city-backgrounds/v1/cities/kuala-lumpur/day-snow.webp,04-manually-mapped-candidates/by-checklist-slot/438--kuala-lumpur--day-snow/PRIMARY__raw-035__raw-035__snowfall_over_a_modern_snow_covered_city.png
036,446,Paris,Night,Snow,446-paris-night-snow.png,DUPLICATE_FOR_SLOT,HIGH,source filename explicitly names the city,raw-036__snowy_parisian_night_with_eiffel_tower.png,1,ea0433c77b9cd9711c61db6f24f782237d771cb43e2dcad46b37250183d33150,assets/city-backgrounds/v1/duplicates/446/raw-036--paris--night-snow.webp,04-manually-mapped-candidates/by-checklist-slot/446--paris--night-snow/DUPLICATE-01__raw-036__raw-036__snowy_parisian_night_with_eiffel_tower.png
037,419,Mexico City,Day,Snow,419-mexico-city-day-snow.png,PRIMARY_FOR_SLOT,MEDIUM,manual visual skyline/architecture match,raw-037__snowy_city_skyline_in_winter_haze.png,1,a3a825bfc38b55697331a03397195d4fe2ef15aadbac572f7d2cbac3158308ee,assets/city-backgrounds/v1/cities/mexico-city/day-snow.webp,04-manually-mapped-candidates/by-checklist-slot/419--mexico-city--day-snow/PRIMARY__raw-037__raw-037__snowy_city_skyline_in_winter_haze.png
038,442,Chicago,Night,Snow,442-chicago-night-snow.png,DUPLICATE_FOR_SLOT,LOW,best-fit visual match; generic or ambiguous skyline,raw-038__snowy_cityscape_under_winter_night_sky.png,1,a575dc89b0083b001d1fd968f5656dcc007862f97b67d6b717cc171c5adc8b2c,assets/city-backgrounds/v1/duplicates/442/raw-038--chicago--night-snow.webp,04-manually-mapped-candidates/by-checklist-slot/442--chicago--night-snow/DUPLICATE-01__raw-038__raw-038__snowy_cityscape_under_winter_night_sky.png
039,445,Tokyo,Night,Snow,445-tokyo-night-snow.png,PRIMARY_FOR_SLOT,HIGH,distinctive landmark/skyline visual match,raw-039__snowy_cityscape_with_illuminated_tower.png,1,b797090cb393a89633267d3c489739d3f29dae35c4c0adff81bd929e8ef29a36,assets/city-backgrounds/v1/cities/tokyo/night-snow.webp,04-manually-mapped-candidates/by-checklist-slot/445--tokyo--night-snow/PRIMARY__raw-039__raw-039__snowy_cityscape_with_illuminated_tower.png
040,440,Manila,Day,Snow,440-manila-day-snow.png,PRIMARY_FOR_SLOT,LOW,best-fit visual match; generic or ambiguous skyline,raw-040__winter_cityscape_with_snow_and_skyline.png,1,49fd58095eddea084b4eb99190d976771fa78e5cd4ca0a99be289461b93c97dd,assets/city-backgrounds/v1/cities/manila/day-snow.webp,04-manually-mapped-candidates/by-checklist-slot/440--manila--day-snow/PRIMARY__raw-040__raw-040__winter_cityscape_with_snow_and_skyline.png
041,429,Vienna,Day,Snow,429-vienna-day-snow.png,PRIMARY_FOR_SLOT,HIGH,distinctive landmark/skyline visual match,raw-041__snowy_winter_cityscape_with_gothic_spires.png,1,f0409ca26ed6d104fbfdf687b8b76f972bb718c79882b29788801d16e6e04538,assets/city-backgrounds/v1/cities/vienna/day-snow.webp,04-manually-mapped-candidates/by-checklist-slot/429--vienna--day-snow/PRIMARY__raw-041__raw-041__snowy_winter_cityscape_with_gothic_spires.png
042,432,Cairo,Day,Snow,432-cairo-day-snow.png,PRIMARY_FOR_SLOT,HIGH,distinctive landmark/skyline visual match,raw-042__snowy_cityscape_with_historic_mosque_and_river.png,1,04bef19b672d41a7532d3eb98f7d90788054e82d5eb417e5b20e3fd409d20bf8,assets/city-backgrounds/v1/cities/cairo/day-snow.webp,04-manually-mapped-candidates/by-checklist-slot/432--cairo--day-snow/PRIMARY__raw-042__raw-042__snowy_cityscape_with_historic_mosque_and_river.png
043,433,Cape Town,Day,Snow,433-cape-town-day-snow.png,PRIMARY_FOR_SLOT,HIGH,distinctive landmark/skyline visual match,raw-043__snowy_cityscape_with_mountains_and_harbor.png,1,37e5aa298bfe2e8d14ac7bb489947f59e42289fc8c97605fc3c441ca810a316c,assets/city-backgrounds/v1/cities/cape-town/day-snow.webp,04-manually-mapped-candidates/by-checklist-slot/433--cape-town--day-snow/PRIMARY__raw-043__raw-043__snowy_cityscape_with_mountains_and_harbor.png
044,435,Bangkok,Day,Snow,435-bangkok-day-snow.png,PRIMARY_FOR_SLOT,HIGH,distinctive landmark/skyline visual match,raw-044__snowy_cityscape_with_temple_rooftops.png,1,bb7f22813b3213b62d0a5937d5535a3b9c10fc2e648b13398cae6b1c642d0388,assets/city-backgrounds/v1/cities/bangkok/day-snow.webp,04-manually-mapped-candidates/by-checklist-slot/435--bangkok--day-snow/PRIMARY__raw-044__raw-044__snowy_cityscape_with_temple_rooftops.png
045,431,Istanbul,Day,Snow,431-istanbul-day-snow.png,PRIMARY_FOR_SLOT,HIGH,distinctive landmark/skyline visual match,raw-045__winter_cityscape_with_mosque_and_bridge.png,1,305361991d2105c624b2c9018ba1db77a6fbfc1bb0d0972a606f780700a9be94,assets/city-backgrounds/v1/cities/istanbul/day-snow.webp,04-manually-mapped-candidates/by-checklist-slot/431--istanbul--day-snow/PRIMARY__raw-045__raw-045__winter_cityscape_with_mosque_and_bridge.png
046,430,Prague,Day,Snow,430-prague-day-snow.png,PRIMARY_FOR_SLOT,HIGH,source filename explicitly names the city,raw-046__winter_snowfall_over_prague_s_historic_skyline.png,1,7e4b559b7de5cc32cd87c338cea197fbb6b8595c7ff11f78af1301582d31c804,assets/city-backgrounds/v1/cities/prague/day-snow.webp,04-manually-mapped-candidates/by-checklist-slot/430--prague--day-snow/PRIMARY__raw-046__raw-046__winter_snowfall_over_prague_s_historic_skyline.png
047,420,São Paulo,Day,Snow,420-sao-paulo-day-snow.png,PRIMARY_FOR_SLOT,LOW,best-fit visual match; generic or ambiguous skyline,raw-047__snowy_cityscape_under_overcast_skies.png,1,bd701c324d29806a533e97aa2ff731a2b84c419d0d7cc64f8bc12f57d1f28c97,assets/city-backgrounds/v1/cities/sao-paulo/day-snow.webp,04-manually-mapped-candidates/by-checklist-slot/420--sao-paulo--day-snow/PRIMARY__raw-047__raw-047__snowy_cityscape_under_overcast_skies.png
048,427,Berlin,Day,Snow,427-berlin-day-snow.png,PRIMARY_FOR_SLOT,HIGH,source filename explicitly names the city,raw-048__winter_snowfall_over_berlin_cityscape.png,1,75e07579d86182212e09024b5a8d5bc7fc52d061db8ca20a87e719be08f91488,assets/city-backgrounds/v1/cities/berlin/day-snow.webp,04-manually-mapped-candidates/by-checklist-slot/427--berlin--day-snow/PRIMARY__raw-048__raw-048__winter_snowfall_over_berlin_cityscape.png
049,428,Amsterdam,Day,Snow,428-amsterdam-day-snow.png,PRIMARY_FOR_SLOT,HIGH,distinctive landmark/skyline visual match,raw-049__snowy_city_canals_in_winter_serenity.png,1,0734c27f20c9c204bbfb4576d0aa7bd3a17f8e25f67adcec51034894a9d023aa,assets/city-backgrounds/v1/cities/amsterdam/day-snow.webp,04-manually-mapped-candidates/by-checklist-slot/428--amsterdam--day-snow/PRIMARY__raw-049__raw-049__snowy_city_canals_in_winter_serenity.png
050,429,Vienna,Day,Snow,429-vienna-day-snow.png,DUPLICATE_FOR_SLOT,LOW,best-fit visual match; generic or ambiguous skyline,raw-050__snowy_urban_cityscape_with_historic_architecture.png,1,1623c31948da7eda82a3fc93382f142955da78295375ad51b02b5c8f8675fc7e,assets/city-backgrounds/v1/duplicates/429/raw-050--vienna--day-snow.webp,04-manually-mapped-candidates/by-checklist-slot/429--vienna--day-snow/DUPLICATE-01__raw-050__raw-050__snowy_urban_cityscape_with_historic_architecture.png
051,426,Milan,Day,Snow,426-milan-day-snow.png,PRIMARY_FOR_SLOT,HIGH,source filename explicitly names the city,raw-051__snow_covered_milan_under_a_gray_sky.png,1,f75872ea3a48745acc42a9e11edac8bf82cf0534c723ffb94edab6db546b4a8b,assets/city-backgrounds/v1/cities/milan/day-snow.webp,04-manually-mapped-candidates/by-checklist-slot/426--milan--day-snow/PRIMARY__raw-051__raw-051__snow_covered_milan_under_a_gray_sky.png
052,421,Rio de Janeiro,Day,Snow,421-rio-de-janeiro-day-snow.png,PRIMARY_FOR_SLOT,HIGH,distinctive landmark/skyline visual match,raw-052__snowy_cityscape_with_mountain_backdrop.png,1,a429aa5c91773839b219396e1c1cba5eef73ed2c1b4dd1f471a85643962ba842,assets/city-backgrounds/v1/cities/rio-de-janeiro/day-snow.webp,04-manually-mapped-candidates/by-checklist-slot/421--rio-de-janeiro--day-snow/PRIMARY__raw-052__raw-052__snowy_cityscape_with_mountain_backdrop.png
053,423,Madrid,Day,Snow,423-madrid-day-snow.png,PRIMARY_FOR_SLOT,LOW,best-fit visual match; generic or ambiguous skyline,raw-053__snowy_cityscape_with_distant_landmarks.png,1,4e137e7e85ddc02eeac8f8b44f19256c43a187cf54cd1bfbd4f9a11ca8bb3b5a,assets/city-backgrounds/v1/cities/madrid/day-snow.webp,04-manually-mapped-candidates/by-checklist-slot/423--madrid--day-snow/PRIMARY__raw-053__raw-053__snowy_cityscape_with_distant_landmarks.png
054,419,Mexico City,Day,Snow,419-mexico-city-day-snow.png,DUPLICATE_FOR_SLOT,LOW,best-fit visual match; generic or ambiguous skyline,raw-054__snowy_urban_winter_morning.png,1,f4aa1c53cf26c4f36070c40645773d4cbc9885ea9728bc81e11525011c905ce0,assets/city-backgrounds/v1/duplicates/419/raw-054--mexico-city--day-snow.webp,04-manually-mapped-candidates/by-checklist-slot/419--mexico-city--day-snow/DUPLICATE-01__raw-054__raw-054__snowy_urban_winter_morning.png
055,417,Toronto,Day,Snow,417-toronto-day-snow.png,PRIMARY_FOR_SLOT,HIGH,source filename explicitly names the city,raw-055__snowy_toronto_skyline_in_winter_haze.png,1,3655c2424110555c8ede81970882d6d09272fdc02bf6a0fa0a2770dad691f408,assets/city-backgrounds/v1/cities/toronto/day-snow.webp,04-manually-mapped-candidates/by-checklist-slot/417--toronto--day-snow/PRIMARY__raw-055__raw-055__snowy_toronto_skyline_in_winter_haze.png
056,422,Buenos Aires,Day,Snow,422-buenos-aires-day-snow.png,PRIMARY_FOR_SLOT,LOW,best-fit visual match; generic or ambiguous skyline,raw-056__snowy_cityscape_with_monumental_architecture.png,1,d9089839e08afff2b048bb43f5594dd988789239daad3afc93c065bfad6f6783,assets/city-backgrounds/v1/cities/buenos-aires/day-snow.webp,04-manually-mapped-candidates/by-checklist-slot/422--buenos-aires--day-snow/PRIMARY__raw-056__raw-056__snowy_cityscape_with_monumental_architecture.png
057,425,Rome,Day,Snow,425-rome-day-snow.png,PRIMARY_FOR_SLOT,HIGH,source filename explicitly names the city,raw-057__snowy_winter_cityscape_of_rome.png,1,1a52ba118b55bfe95442e982a32c52efcc9b6a22ca751c44ba6f8802f39f984c,assets/city-backgrounds/v1/cities/rome/day-snow.webp,04-manually-mapped-candidates/by-checklist-slot/425--rome--day-snow/PRIMARY__raw-057__raw-057__snowy_winter_cityscape_of_rome.png
058,418,Vancouver,Day,Snow,418-vancouver-day-snow.png,DUPLICATE_OF_VERIFIED_CANONICAL,HIGH,distinctive landmark/skyline visual match,raw-058__snowy_urban_landscape_with_mountains.png,1,5ec006b581cf95195625e1ddd80270634347f87c501a623947eb48bbd0b3f522,assets/city-backgrounds/v1/duplicates/418/raw-058--vancouver--day-snow.webp,04-manually-mapped-candidates/by-checklist-slot/418--vancouver--day-snow/DUPLICATE-CANONICAL-01__raw-058__raw-058__snowy_urban_landscape_with_mountains.png
059,411,Singapore,Day,Snow,411-singapore-day-snow.png,PRIMARY_FOR_SLOT,HIGH,source filename explicitly names the city,raw-059__winter_snowfall_over_singapore_skyline.png,1,02b849e801b21cc7e2845fc48c79038754624e406e192e759344dc9597157372,assets/city-backgrounds/v1/cities/singapore/day-snow.webp,04-manually-mapped-candidates/by-checklist-slot/411--singapore--day-snow/PRIMARY__raw-059__raw-059__winter_snowfall_over_singapore_skyline.png
060,409,Shanghai,Day,Snow,409-shanghai-day-snow.png,PRIMARY_FOR_SLOT,LOW,best-fit visual match; generic or ambiguous skyline,raw-060__snowy_urban_skyline_with_river_view.png,1,ff5fbcce6ae77828bcc02f55c8ddfb02f65c7e58265c83f9dd609b0c60ec9e96,assets/city-backgrounds/v1/cities/shanghai/day-snow.webp,04-manually-mapped-candidates/by-checklist-slot/409--shanghai--day-snow/PRIMARY__raw-060__raw-060__snowy_urban_skyline_with_river_view.png
061,408,Kyoto,Day,Snow,408-kyoto-day-snow.png,PRIMARY_FOR_SLOT,HIGH,distinctive landmark/skyline visual match,raw-061__winter_cityscape_with_japanese_temple.png,1,732b3b3e25aa5b5245a356ce037baebe9399b2bb9e89e749e907875e6a88873d,assets/city-backgrounds/v1/cities/kyoto/day-snow.webp,04-manually-mapped-candidates/by-checklist-slot/408--kyoto--day-snow/PRIMARY__raw-061__raw-061__winter_cityscape_with_japanese_temple.png
062,413,Seoul,Day,Snow,413-seoul-day-snow.png,PRIMARY_FOR_SLOT,LOW,best-fit visual match; generic or ambiguous skyline,raw-062__winter_cityscape_under_snow_and_haze.png,1,4fd69671faa67ead7063c4a46754b0c67793bf63ccbd19bcab7cbf4cf9e6f88b,assets/city-backgrounds/v1/cities/seoul/day-snow.webp,04-manually-mapped-candidates/by-checklist-slot/413--seoul--day-snow/PRIMARY__raw-062__raw-062__winter_cityscape_under_snow_and_haze.png
063,414,Beijing,Day,Snow,414-beijing-day-snow.png,PRIMARY_FOR_SLOT,LOW,best-fit visual match; generic or ambiguous skyline,raw-063__snow_covered_cityscape_with_skyscrapers_and_roofto.png,1,e45dc843a1feae90ff8e4c045e24e2ac327f8cec2e3e0678d4c0ced01611767d,assets/city-backgrounds/v1/cities/beijing/day-snow.webp,04-manually-mapped-candidates/by-checklist-slot/414--beijing--day-snow/PRIMARY__raw-063__raw-063__snow_covered_cityscape_with_skyscrapers_and_roofto.png
064,407,Hong Kong,Day,Snow,407-hong-kong-day-snow.png,PRIMARY_FOR_SLOT,HIGH,distinctive landmark/skyline visual match,raw-064__snowy_winter_cityscape_with_harbor_view.png,1,f3388c4dd1776e4b7d037667de94107c85c27afa9da9b8b8380d8880a4b44a10,assets/city-backgrounds/v1/cities/hong-kong/day-snow.webp,04-manually-mapped-candidates/by-checklist-slot/407--hong-kong--day-snow/PRIMARY__raw-064__raw-064__snowy_winter_cityscape_with_harbor_view.png
065,415,Dubai,Day,Snow,415-dubai-day-snow.png,PRIMARY_FOR_SLOT,HIGH,source filename explicitly names the city,raw-065__snowy_dubai_skyline_with_snowfall.png,1,9fb99e5c870de3908c90623ebd78e9d77104d606b66020b95425955750c8026d,assets/city-backgrounds/v1/cities/dubai/day-snow.webp,04-manually-mapped-candidates/by-checklist-slot/415--dubai--day-snow/PRIMARY__raw-065__raw-065__snowy_dubai_skyline_with_snowfall.png
066,412,San Francisco,Day,Snow,412-san-francisco-day-snow.png,PRIMARY_FOR_SLOT,LOW,best-fit visual match; generic or ambiguous skyline,raw-066__snowy_cityscape_with_bridge_and_distant_skyline.png,1,737d0d49b351d0001aa40069d23886bdcaf78c528503bdfe6d88ac9e12597eec,assets/city-backgrounds/v1/cities/san-francisco/day-snow.webp,04-manually-mapped-candidates/by-checklist-slot/412--san-francisco--day-snow/PRIMARY__raw-066__raw-066__snowy_cityscape_with_bridge_and_distant_skyline.png
067,410,London,Day,Snow,410-london-day-snow.png,PRIMARY_FOR_SLOT,HIGH,source filename explicitly names the city,raw-067__winter_skyline_over_snowy_london.png,1,78f741a1ebd724d69231cd29b4f0303cc6fe94b2620a72e17815fb5cab1e90cf,assets/city-backgrounds/v1/cities/london/day-snow.webp,04-manually-mapped-candidates/by-checklist-slot/410--london--day-snow/PRIMARY__raw-067__raw-067__winter_skyline_over_snowy_london.png
068,416,Sydney,Day,Snow,416-sydney-day-snow.png,PRIMARY_FOR_SLOT,HIGH,source filename explicitly names the city,raw-068__snowy_winter_day_over_sydney_skyline.png,2,55a4b76b388b7014297b9bc44c94e64abd92d52332bed49c1a653b578cec432b,assets/city-backgrounds/v1/cities/sydney/day-snow.webp,04-manually-mapped-candidates/by-checklist-slot/416--sydney--day-snow/PRIMARY__raw-068__raw-068__snowy_winter_day_over_sydney_skyline.png
069,399,Kuala Lumpur,Night,Storm,399-kuala-lumpur-night-storm.png,PRIMARY_FOR_SLOT,HIGH,distinctive landmark/skyline visual match,raw-069__stormy_cityscape_with_twin_towers.png,2,c6539c082d0a2b86bf4fc54fbb21d78edcb8adb6131431e9f5e9a237013f9aea,assets/city-backgrounds/v1/cities/kuala-lumpur/night-storm.webp,04-manually-mapped-candidates/by-checklist-slot/399--kuala-lumpur--night-storm/PRIMARY__raw-069__raw-069__stormy_cityscape_with_twin_towers.png
070,362,Los Angeles,Night,Storm,362-los-angeles-night-storm.png,PRIMARY_FOR_SLOT,LOW,best-fit visual match; generic or ambiguous skyline,raw-070__stormy_night_over_coastal_city.png,2,cce93ff2673c78c38e49f9516a49d8087443949ad7c5519b6d93122e03507219,assets/city-backgrounds/v1/cities/los-angeles/night-storm.webp,04-manually-mapped-candidates/by-checklist-slot/362--los-angeles--night-storm/PRIMARY__raw-070__raw-070__stormy_night_over_coastal_city.png
071,404,Boston,Day,Snow,404-boston-day-snow.png,PRIMARY_FOR_SLOT,MEDIUM,manual visual skyline/architecture match,raw-071__snowy_cityscape_with_historic_waterfront_charm.png,2,395ce53078bdc9b2000e5f1c033c6ec7c92a2d23f8e2fc736f3f941bceb3af8d,assets/city-backgrounds/v1/cities/boston/day-snow.webp,04-manually-mapped-candidates/by-checklist-slot/404--boston--day-snow/PRIMARY__raw-071__raw-071__snowy_cityscape_with_historic_waterfront_charm.png
072,401,Manila,Night,Storm,401-manila-night-storm.png,PRIMARY_FOR_SLOT,LOW,best-fit visual match; generic or ambiguous skyline,raw-072__stormy_night_over_the_coastal_skyline.png,2,77df6944bef341ff8c4ce2fc09edfb8d643d02a60d34451f48e8794da68abe32,assets/city-backgrounds/v1/cities/manila/night-storm.webp,04-manually-mapped-candidates/by-checklist-slot/401--manila--night-storm/PRIMARY__raw-072__raw-072__stormy_night_over_the_coastal_skyline.png
073,363,Chicago,Night,Storm,363-chicago-night-storm.png,PRIMARY_FOR_SLOT,LOW,best-fit visual match; generic or ambiguous skyline,raw-073__stormy_cityscape_with_lightning_and_rain.png,2,d51b165e7962698e2904166a0e19424dba84250ab82ac24a4c345ea01b28c9e9,assets/city-backgrounds/v1/cities/chicago/night-storm.webp,04-manually-mapped-candidates/by-checklist-slot/363--chicago--night-storm/PRIMARY__raw-073__raw-073__stormy_cityscape_with_lightning_and_rain.png
074,406,Paris,Day,Snow,406-paris-day-snow.png,PRIMARY_FOR_SLOT,HIGH,source filename explicitly names the city,raw-074__snowy_paris_cityscape_with_eiffel_tower.png,2,a51eee8b32822d86db32e2e24763aeba049dfc868e991d151ec83304733535f4,assets/city-backgrounds/v1/cities/paris/day-snow.webp,04-manually-mapped-candidates/by-checklist-slot/406--paris--day-snow/PRIMARY__raw-074__raw-074__snowy_paris_cityscape_with_eiffel_tower.png
075,402,Los Angeles,Day,Snow,402-los-angeles-day-snow.png,PRIMARY_FOR_SLOT,HIGH,distinctive landmark/skyline visual match,raw-075__snowy_cityscape_with_palm_trees_and_skyline.png,2,f79794d426a83970a14c58942d88c4267004c0c73473ba3173fb1a8cd50ea49d,assets/city-backgrounds/v1/cities/los-angeles/day-snow.webp,04-manually-mapped-candidates/by-checklist-slot/402--los-angeles--day-snow/PRIMARY__raw-075__raw-075__snowy_cityscape_with_palm_trees_and_skyline.png
076,403,New York,Day,Snow,403-new-york-day-snow.png,PRIMARY_FOR_SLOT,HIGH,distinctive landmark/skyline visual match,raw-076__snowy_waterfront_cityscape_with_skyline.png,2,05c7ddfc8b76e9a500570c45fd0f32813d8270a9f17cd6f40c954d146d1bae20,assets/city-backgrounds/v1/cities/new-york/day-snow.webp,04-manually-mapped-candidates/by-checklist-slot/403--new-york--day-snow/PRIMARY__raw-076__raw-076__snowy_waterfront_cityscape_with_skyline.png
077,398,Delhi,Night,Storm,398-delhi-night-storm.png,PRIMARY_FOR_SLOT,LOW,best-fit visual match; generic or ambiguous skyline,raw-077__thunderstorm_over_illuminated_cityscape.png,2,2f801625ef851906b3f75e402027ffa9cc654e0e35384ee91f1288f07b3a8f45,assets/city-backgrounds/v1/cities/delhi/night-storm.webp,04-manually-mapped-candidates/by-checklist-slot/398--delhi--night-storm/PRIMARY__raw-077__raw-077__thunderstorm_over_illuminated_cityscape.png
078,405,Tokyo,Day,Snow,405-tokyo-day-snow.png,PRIMARY_FOR_SLOT,HIGH,distinctive landmark/skyline visual match,raw-078__snowy_winter_cityscape_with_towering_buildings.png,2,2d8e2f833d7440d5709759c590678899caa2f4963b31fd13ba010ee587bea8dd,assets/city-backgrounds/v1/cities/tokyo/day-snow.webp,04-manually-mapped-candidates/by-checklist-slot/405--tokyo--day-snow/PRIMARY__raw-078__raw-078__snowy_winter_cityscape_with_towering_buildings.png
079,387,Milan,Night,Storm,387-milan-night-storm.png,PRIMARY_FOR_SLOT,HIGH,distinctive landmark/skyline visual match,raw-079__stormy_city_skyline_with_gothic_cathedral.png,2,82a05e6a3d12aba76c8d8e1dcec0f581040b86077e4e311b3c537acd2702b1df,assets/city-backgrounds/v1/cities/milan/night-storm.webp,04-manually-mapped-candidates/by-checklist-slot/387--milan--night-storm/PRIMARY__raw-079__raw-079__stormy_city_skyline_with_gothic_cathedral.png
080,396,Bangkok,Night,Storm,396-bangkok-night-storm.png,PRIMARY_FOR_SLOT,HIGH,distinctive landmark/skyline visual match,raw-080__stormy_cityscape_with_temple_reflections.png,2,abbe8f6c2ff0e3d8b74e049c35db2e8653da169f07da26981473dfc4da9f6c76,assets/city-backgrounds/v1/cities/bangkok/night-storm.webp,04-manually-mapped-candidates/by-checklist-slot/396--bangkok--night-storm/PRIMARY__raw-080__raw-080__stormy_cityscape_with_temple_reflections.png
081,388,Berlin,Night,Storm,388-berlin-night-storm.png,PRIMARY_FOR_SLOT,HIGH,distinctive landmark/skyline visual match,raw-081__stormy_city_skyline_at_night.png,2,6faeb3d5aaeb4e0277791f773c87da6eb4d4381072a68324b7770ae568af64ea,assets/city-backgrounds/v1/cities/berlin/night-storm.webp,04-manually-mapped-candidates/by-checklist-slot/388--berlin--night-storm/PRIMARY__raw-081__raw-081__stormy_city_skyline_at_night.png
082,392,Istanbul,Night,Storm,392-istanbul-night-storm.png,PRIMARY_FOR_SLOT,HIGH,distinctive landmark/skyline visual match,raw-082__stormy_night_over_a_lit_city.png,2,85547460bf29c736fd99a0b15ce83657318df911e84201a33430ce170757183a,assets/city-backgrounds/v1/cities/istanbul/night-storm.webp,04-manually-mapped-candidates/by-checklist-slot/392--istanbul--night-storm/PRIMARY__raw-082__raw-082__stormy_night_over_a_lit_city.png
083,365,Boston,Night,Storm,365-boston-night-storm.png,PRIMARY_FOR_SLOT,LOW,best-fit visual match; generic or ambiguous skyline,raw-083__stormy_city_skyline_by_the_river.png,2,1f58ed7ac9a4b1b1c73302b5a40d61e27cd03486610c4c6f0d73ad4b91a188c1,assets/city-backgrounds/v1/cities/boston/night-storm.webp,04-manually-mapped-candidates/by-checklist-slot/365--boston--night-storm/PRIMARY__raw-083__raw-083__stormy_city_skyline_by_the_river.png
084,394,Cape Town,Night,Storm,394-cape-town-night-storm.png,PRIMARY_FOR_SLOT,HIGH,distinctive landmark/skyline visual match,raw-084__stormy_city_night_from_the_pier.png,2,f9346f658499b7eb06e768893ae610c69c2bb0e6eb726c26cfcd421548140347,assets/city-backgrounds/v1/cities/cape-town/night-storm.webp,04-manually-mapped-candidates/by-checklist-slot/394--cape-town--night-storm/PRIMARY__raw-084__raw-084__stormy_city_night_from_the_pier.png
085,395,Nairobi,Night,Storm,395-nairobi-night-storm.png,PRIMARY_FOR_SLOT,HIGH,distinctive landmark/skyline visual match,raw-085__thunderstorm_over_a_glowing_city.png,2,324cd8694fccd57638aca1e9197b9d65eda643d58fa54180568e8c0b65fcccf6,assets/city-backgrounds/v1/cities/nairobi/night-storm.webp,04-manually-mapped-candidates/by-checklist-slot/395--nairobi--night-storm/PRIMARY__raw-085__raw-085__thunderstorm_over_a_glowing_city.png
086,389,Amsterdam,Night,Storm,389-amsterdam-night-storm.png,PRIMARY_FOR_SLOT,HIGH,source filename explicitly names the city,raw-086__stormy_canal_night_in_amsterdam.png,2,ef92e46f0404971c5f9891a0726eed189e4ded1d334c69a1e5251228cdbd0d7a,assets/city-backgrounds/v1/cities/amsterdam/night-storm.webp,04-manually-mapped-candidates/by-checklist-slot/389--amsterdam--night-storm/PRIMARY__raw-086__raw-086__stormy_canal_night_in_amsterdam.png
087,391,Prague,Night,Storm,391-prague-night-storm.png,PRIMARY_FOR_SLOT,HIGH,distinctive landmark/skyline visual match,raw-087__stormy_night_over_a_historic_city.png,2,aa0c0a01abdd8733ae4cbfc270d11e1491769aaacc7dc02aca457c07944a0bf8,assets/city-backgrounds/v1/cities/prague/night-storm.webp,04-manually-mapped-candidates/by-checklist-slot/391--prague--night-storm/PRIMARY__raw-087__raw-087__stormy_night_over_a_historic_city.png
088,385,Barcelona,Night,Storm,385-barcelona-night-storm.png,PRIMARY_FOR_SLOT,HIGH,distinctive landmark/skyline visual match,raw-088__stormy_cityscape_with_illuminated_cathedral.png,2,ca900bf9740176e504d340980b4045c4303be767d6c7361471a82600355ef476,assets/city-backgrounds/v1/cities/barcelona/night-storm.webp,04-manually-mapped-candidates/by-checklist-slot/385--barcelona--night-storm/PRIMARY__raw-088__raw-088__stormy_cityscape_with_illuminated_cathedral.png
089,386,Rome,Night,Storm,386-rome-night-storm.png,PRIMARY_FOR_SLOT,HIGH,distinctive landmark/skyline visual match,raw-089__stormy_cityscape_with_illuminated_basilica.png,2,12a439ae0a59287f6513e4d93f8cd6a50932858c2fb7b3a88a818fa638dcc81d,assets/city-backgrounds/v1/cities/rome/night-storm.webp,04-manually-mapped-candidates/by-checklist-slot/386--rome--night-storm/PRIMARY__raw-089__raw-089__stormy_cityscape_with_illuminated_basilica.png
090,381,São Paulo,Night,Storm,381-sao-paulo-night-storm.png,PRIMARY_FOR_SLOT,HIGH,distinctive landmark/skyline visual match,raw-090__stormy_cityscape_with_glowing_skyline.png,2,a99be7411b21b8dbbe19f61a729d16aac94b1a18dc2923a5c6d63b22f979f7b7,assets/city-backgrounds/v1/cities/sao-paulo/night-storm.webp,04-manually-mapped-candidates/by-checklist-slot/381--sao-paulo--night-storm/PRIMARY__raw-090__raw-090__stormy_cityscape_with_glowing_skyline.png
091,380,Mexico City,Night,Storm,380-mexico-city-night-storm.png,PRIMARY_FOR_SLOT,LOW,best-fit visual match; generic or ambiguous skyline,raw-091__stormy_night_over_the_city_skyline.png,2,2e07d85e47f4713b38082670cbe57f99bf325fcb01163c1dbfb7864c22680ed3,assets/city-backgrounds/v1/cities/mexico-city/night-storm.webp,04-manually-mapped-candidates/by-checklist-slot/380--mexico-city--night-storm/PRIMARY__raw-091__raw-091__stormy_night_over_the_city_skyline.png
092,382,Rio de Janeiro,Night,Storm,382-rio-de-janeiro-night-storm.png,PRIMARY_FOR_SLOT,HIGH,distinctive landmark/skyline visual match,raw-092__stormy_cityscape_with_mountain_peak.png,2,b0c11ef652815d50f6aa6451ea4a761701b81b0bee7963b14c9983bfde26873b,assets/city-backgrounds/v1/cities/rio-de-janeiro/night-storm.webp,04-manually-mapped-candidates/by-checklist-slot/382--rio-de-janeiro--night-storm/PRIMARY__raw-092__raw-092__stormy_cityscape_with_mountain_peak.png
093,377,Sydney,Night,Storm,377-sydney-night-storm.png,PRIMARY_FOR_SLOT,HIGH,source filename explicitly names the city,raw-093__sydney_harbour_under_a_stormy_sky.png,2,41b38d28e71c5c521b45938bb9be39536bdee5634dec93cf403903e2d06f9bf0,assets/city-backgrounds/v1/cities/sydney/night-storm.webp,04-manually-mapped-candidates/by-checklist-slot/377--sydney--night-storm/PRIMARY__raw-093__raw-093__sydney_harbour_under_a_stormy_sky.png
094,379,Vancouver,Night,Storm,379-vancouver-night-storm.png,PRIMARY_FOR_SLOT,LOW,best-fit visual match; generic or ambiguous skyline,raw-094__stormy_cityscape_with_stormy_waterfront_reflection.png,2,174b542668f13647b33b4e3444ac511dadee87bfc9a7797a5aca4619d0101319,assets/city-backgrounds/v1/cities/vancouver/night-storm.webp,04-manually-mapped-candidates/by-checklist-slot/379--vancouver--night-storm/PRIMARY__raw-094__raw-094__stormy_cityscape_with_stormy_waterfront_reflection.png
095,378,Toronto,Night,Storm,378-toronto-night-storm.png,PRIMARY_FOR_SLOT,HIGH,distinctive landmark/skyline visual match,raw-095__stormy_cityscape_with_reflections_at_night.png,2,72fc939bfe01d7629e074e1d2939e655dc06522b59822631a5fd4705cd24b0fb,assets/city-backgrounds/v1/cities/toronto/night-storm.webp,04-manually-mapped-candidates/by-checklist-slot/378--toronto--night-storm/PRIMARY__raw-095__raw-095__stormy_cityscape_with_reflections_at_night.png
096,376,Dubai,Night,Storm,376-dubai-night-storm.png,PRIMARY_FOR_SLOT,LOW,best-fit visual match; generic or ambiguous skyline,raw-096__stormy_cityscape_with_waterfront_reflections.png,2,7025489f6aa334652c888a2769b5413bb7c9dcd57ca6821f2d73c31afd9f8bad,assets/city-backgrounds/v1/cities/dubai/night-storm.webp,04-manually-mapped-candidates/by-checklist-slot/376--dubai--night-storm/PRIMARY__raw-096__raw-096__stormy_cityscape_with_waterfront_reflections.png
097,374,Seoul,Night,Storm,374-seoul-night-storm.png,PRIMARY_FOR_SLOT,HIGH,distinctive landmark/skyline visual match,raw-097__stormy_city_skyline_with_glowing_bridge.png,2,b1014b29c252fb8d1cc2ad8d1a5246a4d34dcf1d6a1839fbe12b01f05bf47e7c,assets/city-backgrounds/v1/cities/seoul/night-storm.webp,04-manually-mapped-candidates/by-checklist-slot/374--seoul--night-storm/PRIMARY__raw-097__raw-097__stormy_city_skyline_with_glowing_bridge.png
098,371,London,Night,Storm,371-london-night-storm.png,PRIMARY_FOR_SLOT,HIGH,source filename explicitly names the city,raw-098__stormy_night_over_london_s_skyline.png,2,be702697f9a290c7705752c3aad5ef21e1cab66ea29567586367ffe1752753bf,assets/city-backgrounds/v1/cities/london/night-storm.webp,04-manually-mapped-candidates/by-checklist-slot/371--london--night-storm/PRIMARY__raw-098__raw-098__stormy_night_over_london_s_skyline.png
099,367,Paris,Night,Storm,367-paris-night-storm.png,PRIMARY_FOR_SLOT,HIGH,source filename explicitly names the city,raw-099__stormy_paris_night_with_glistening_rooftops.png,2,36e535029925ad5ea431bdecd377c8d6b13d410e1d4dcf7bd238179deef1e370,assets/city-backgrounds/v1/cities/paris/night-storm.webp,04-manually-mapped-candidates/by-checklist-slot/367--paris--night-storm/PRIMARY__raw-099__raw-099__stormy_paris_night_with_glistening_rooftops.png
100,368,Hong Kong,Night,Storm,368-hong-kong-night-storm.png,PRIMARY_FOR_SLOT,HIGH,distinctive landmark/skyline visual match,raw-100__stormy_city_skyline_over_harbor.png,2,0be6f748cbb1c173b91fdbe5bb948727da68806777431f9b8070547d1a65c497,assets/city-backgrounds/v1/cities/hong-kong/night-storm.webp,04-manually-mapped-candidates/by-checklist-slot/368--hong-kong--night-storm/PRIMARY__raw-100__raw-100__stormy_city_skyline_over_harbor.png
101,372,Singapore,Night,Storm,372-singapore-night-storm.png,PRIMARY_FOR_SLOT,HIGH,source filename explicitly names the city,raw-101__singapore_stormy_skyline_at_night.png,2,0f3f5fdc976009c719520de1efda45e25ab7082d018b99c8ef342ed1a421bfe4,assets/city-backgrounds/v1/cities/singapore/night-storm.webp,04-manually-mapped-candidates/by-checklist-slot/372--singapore--night-storm/PRIMARY__raw-101__raw-101__singapore_stormy_skyline_at_night.png
102,369,Kyoto,Night,Storm,369-kyoto-night-storm.png,PRIMARY_FOR_SLOT,HIGH,distinctive landmark/skyline visual match,raw-102__stormy_night_over_a_traditional_city.png,2,9715fe096936572f03789cc9837977ee1678124c7d4eaf0254fecb0f0355a5b8,assets/city-backgrounds/v1/cities/kyoto/night-storm.webp,04-manually-mapped-candidates/by-checklist-slot/369--kyoto--night-storm/PRIMARY__raw-102__raw-102__stormy_night_over_a_traditional_city.png
103,376,Dubai,Night,Storm,376-dubai-night-storm.png,DUPLICATE_FOR_SLOT,HIGH,distinctive landmark/skyline visual match,raw-103__stormy_cityscape_with_lightning_reflections.png,2,f534de2873ffc55b4c2cdc8921b33bbc5fc0ef4d95050eb7b6f869577f78c37b,assets/city-backgrounds/v1/duplicates/376/raw-103--dubai--night-storm.webp,04-manually-mapped-candidates/by-checklist-slot/376--dubai--night-storm/DUPLICATE-01__raw-103__raw-103__stormy_cityscape_with_lightning_reflections.png
104,370,Shanghai,Night,Storm,370-shanghai-night-storm.png,PRIMARY_FOR_SLOT,LOW,best-fit visual match; generic or ambiguous skyline,raw-104__city_skyline_under_stormy_night_sky.png,2,28cce569050ac8d0d34fb0054ebd9354c5ce49a09599091196ddedefdb2e1e3d,assets/city-backgrounds/v1/cities/shanghai/night-storm.webp,04-manually-mapped-candidates/by-checklist-slot/370--shanghai--night-storm/PRIMARY__raw-104__raw-104__city_skyline_under_stormy_night_sky.png
105,366,Tokyo,Night,Storm,366-tokyo-night-storm.png,PRIMARY_FOR_SLOT,HIGH,distinctive landmark/skyline visual match,raw-105__stormy_cityscape_with_lightning_and_towers.png,2,3675cc1cdb5aba1b58f933ec1f060c269647858c6c8209c374cd1123d0386cb8,assets/city-backgrounds/v1/cities/tokyo/night-storm.webp,04-manually-mapped-candidates/by-checklist-slot/366--tokyo--night-storm/PRIMARY__raw-105__raw-105__stormy_cityscape_with_lightning_and_towers.png
106,358,Delhi,Day,Storm,358-delhi-day-storm.png,PRIMARY_FOR_SLOT,LOW,best-fit visual match; generic or ambiguous skyline,raw-106__stormy_cityscape_with_historic_architecture.png,2,a06f13c664f1a0a504416722486d6772c15b4d060744238b50612fe4b1b0cd3a,assets/city-backgrounds/v1/cities/delhi/day-storm.webp,04-manually-mapped-candidates/by-checklist-slot/358--delhi--day-storm/PRIMARY__raw-106__raw-106__stormy_cityscape_with_historic_architecture.png
107,359,Kuala Lumpur,Day,Storm,359-kuala-lumpur-day-storm.png,PRIMARY_FOR_SLOT,HIGH,source filename explicitly names the city,raw-107__storm_over_kuala_lumpur_skyline.png,2,ea76ee9fd121320661f529249c54e3272cc443e3492aaf7ac3687309976c7b4b,assets/city-backgrounds/v1/cities/kuala-lumpur/day-storm.webp,04-manually-mapped-candidates/by-checklist-slot/359--kuala-lumpur--day-storm/PRIMARY__raw-107__raw-107__storm_over_kuala_lumpur_skyline.png
108,361,Manila,Day,Storm,361-manila-day-storm.png,PRIMARY_FOR_SLOT,LOW,best-fit visual match; generic or ambiguous skyline,raw-108__moody_coastal_city_under_storm_clouds.png,2,444eb500f061085eddbb6cbe0d52f6d5c82481eecfaefab110af40bd0e2b4be7,assets/city-backgrounds/v1/cities/manila/day-storm.webp,04-manually-mapped-candidates/by-checklist-slot/361--manila--day-storm/PRIMARY__raw-108__raw-108__moody_coastal_city_under_storm_clouds.png
109,361,Manila,Day,Storm,361-manila-day-storm.png,DUPLICATE_FOR_SLOT,LOW,best-fit visual match; generic or ambiguous skyline,raw-109__storm_over_waterfront_cityscape_at_dusk.png,2,e9e6d85828e666af53c5bc8e9238be253686100988e0683106b980fbd9b3f9aa,assets/city-backgrounds/v1/duplicates/361/raw-109--manila--day-storm.webp,04-manually-mapped-candidates/by-checklist-slot/361--manila--day-storm/DUPLICATE-01__raw-109__raw-109__storm_over_waterfront_cityscape_at_dusk.png
110,360,Jakarta,Day,Storm,360-jakarta-day-storm.png,PRIMARY_FOR_SLOT,LOW,best-fit visual match; generic or ambiguous skyline,raw-110__stormy_cityscape_with_rain_soaked_river.png,2,d4be2dbe1a39bc545a2e36b419a0e2573ba148154158d847d7e8bbefdb3a2555,assets/city-backgrounds/v1/cities/jakarta/day-storm.webp,04-manually-mapped-candidates/by-checklist-slot/360--jakarta--day-storm/PRIMARY__raw-110__raw-110__stormy_cityscape_with_rain_soaked_river.png
111,363,Chicago,Night,Storm,363-chicago-night-storm.png,DUPLICATE_FOR_SLOT,LOW,best-fit visual match; generic or ambiguous skyline,raw-111__stormy_city_skyline_by_the_waterfront.png,2,3e3445297bddfdf856dc732b385fd74263f3e499ba3328c163f2e55294b00752,assets/city-backgrounds/v1/duplicates/363/raw-111--chicago--night-storm.webp,04-manually-mapped-candidates/by-checklist-slot/363--chicago--night-storm/DUPLICATE-01__raw-111__raw-111__stormy_city_skyline_by_the_waterfront.png
112,348,Berlin,Day,Storm,348-berlin-day-storm.png,PRIMARY_FOR_SLOT,HIGH,distinctive landmark/skyline visual match,raw-112__stormy_cityscape_with_urban_skyline.png,2,b893ec6161ceecb4d8eea4923a2abe9066c0c75ed6360d97f38ccce21ad7f56b,assets/city-backgrounds/v1/cities/berlin/day-storm.webp,04-manually-mapped-candidates/by-checklist-slot/348--berlin--day-storm/PRIMARY__raw-112__raw-112__stormy_cityscape_with_urban_skyline.png
113,364,New York,Night,Storm,364-new-york-night-storm.png,PRIMARY_FOR_SLOT,HIGH,distinctive landmark/skyline visual match,raw-113__stormy_night_over_the_city_bridge.png,2,0b129bfe586fa757c5879ee62e6e627bcfe567b36c125fe31bf9e23c5e74f50b,assets/city-backgrounds/v1/cities/new-york/night-storm.webp,04-manually-mapped-candidates/by-checklist-slot/364--new-york--night-storm/PRIMARY__raw-113__raw-113__stormy_night_over_the_city_bridge.png
114,365,Boston,Night,Storm,365-boston-night-storm.png,DUPLICATE_FOR_SLOT,LOW,best-fit visual match; generic or ambiguous skyline,raw-114__stormy_city_waterfront_at_night.png,2,eeee851f677a54cafe777fb80f6804e24ffefe3e7951e7ad446f26044220d40b,assets/city-backgrounds/v1/duplicates/365/raw-114--boston--night-storm.webp,04-manually-mapped-candidates/by-checklist-slot/365--boston--night-storm/DUPLICATE-01__raw-114__raw-114__stormy_city_waterfront_at_night.png
115,362,Los Angeles,Night,Storm,362-los-angeles-night-storm.png,DUPLICATE_FOR_SLOT,LOW,best-fit visual match; generic or ambiguous skyline,raw-115__stormy_city_lights_and_skyline.png,2,6655e0145ae8dd73acd5569a62ea6cfd6b6989a8de6fb5e45c86180e35e9e2a0,assets/city-backgrounds/v1/duplicates/362/raw-115--los-angeles--night-storm.webp,04-manually-mapped-candidates/by-checklist-slot/362--los-angeles--night-storm/DUPLICATE-01__raw-115__raw-115__stormy_city_lights_and_skyline.png
116,327,Paris,Day,Storm,327-paris-day-storm.png,PRIMARY_FOR_SLOT,HIGH,distinctive landmark/skyline visual match,raw-116__storm_over_the_city_s_rooftops.png,2,2b4d5106f9601d983d38c474515cd673fcfc202fef0a938ba28f0b90ed0f0496,assets/city-backgrounds/v1/cities/paris/day-storm.webp,04-manually-mapped-candidates/by-checklist-slot/327--paris--day-storm/PRIMARY__raw-116__raw-116__storm_over_the_city_s_rooftops.png
117,352,Istanbul,Day,Storm,352-istanbul-day-storm.png,PRIMARY_FOR_SLOT,HIGH,distinctive landmark/skyline visual match,raw-117__stormy_cityscape_with_historic_mosque.png,2,c7a1f0db705fab17e8d5f73c0ebeb928e06c3bf9384ae2db0fa0c69f67a4e6ee,assets/city-backgrounds/v1/cities/istanbul/day-storm.webp,04-manually-mapped-candidates/by-checklist-slot/352--istanbul--day-storm/PRIMARY__raw-117__raw-117__stormy_cityscape_with_historic_mosque.png
118,351,Prague,Day,Storm,351-prague-day-storm.png,PRIMARY_FOR_SLOT,HIGH,distinctive landmark/skyline visual match,raw-118__stormy_cityscape_over_the_river.png,2,235daa0b29c862175051f431ace5a2c792243a5fea4ad72bfa18a1c0a5f5b27c,assets/city-backgrounds/v1/cities/prague/day-storm.webp,04-manually-mapped-candidates/by-checklist-slot/351--prague--day-storm/PRIMARY__raw-118__raw-118__stormy_cityscape_over_the_river.png
119,359,Kuala Lumpur,Day,Storm,359-kuala-lumpur-day-storm.png,DUPLICATE_FOR_SLOT,HIGH,source filename explicitly names the city,raw-119__stormy_skyline_over_kuala_lumpur.png,2,4d95d76a1525a7c0afe314b336b6c5187a606da58284317321dd2640fd2acf5e,assets/city-backgrounds/v1/duplicates/359/raw-119--kuala-lumpur--day-storm.webp,04-manually-mapped-candidates/by-checklist-slot/359--kuala-lumpur--day-storm/DUPLICATE-01__raw-119__raw-119__stormy_skyline_over_kuala_lumpur.png
120,353,Cairo,Day,Storm,353-cairo-day-storm.png,PRIMARY_FOR_SLOT,LOW,best-fit visual match; generic or ambiguous skyline,raw-120__storm_over_city_with_river_views.png,2,3da60c317655ee4217ad1feabe3130b2d5754e3650396c45e17ebd2caec5d434,assets/city-backgrounds/v1/cities/cairo/day-storm.webp,04-manually-mapped-candidates/by-checklist-slot/353--cairo--day-storm/PRIMARY__raw-120__raw-120__storm_over_city_with_river_views.png
121,355,Nairobi,Day,Storm,355-nairobi-day-storm.png,PRIMARY_FOR_SLOT,HIGH,distinctive landmark/skyline visual match,raw-121__stormy_skyline_over_green_city_park.png,2,b18191b05f418702b5e910a940c1ced3b5dfe855f8183fdd162e6453650a06ef,assets/city-backgrounds/v1/cities/nairobi/day-storm.webp,04-manually-mapped-candidates/by-checklist-slot/355--nairobi--day-storm/PRIMARY__raw-121__raw-121__stormy_skyline_over_green_city_park.png
122,356,Bangkok,Day,Storm,356-bangkok-day-storm.png,PRIMARY_FOR_SLOT,LOW,best-fit visual match; generic or ambiguous skyline,raw-122__stormy_city_river_with_temple_view.png,2,6ce1f50204a094560cd739e9c1a90c2fa696a8ebaea149e78d6392e95199c6c7,assets/city-backgrounds/v1/cities/bangkok/day-storm.webp,04-manually-mapped-candidates/by-checklist-slot/356--bangkok--day-storm/PRIMARY__raw-122__raw-122__stormy_city_river_with_temple_view.png
123,349,Amsterdam,Day,Storm,349-amsterdam-day-storm.png,PRIMARY_FOR_SLOT,HIGH,source filename explicitly names the city,raw-123__stormy_canal_cityscape_in_amsterdam_like_setting.png,2,dc58a931774d59de346d5cd00a5633b4272606464a7354cdf2f1933928cb4d51,assets/city-backgrounds/v1/cities/amsterdam/day-storm.webp,04-manually-mapped-candidates/by-checklist-slot/349--amsterdam--day-storm/PRIMARY__raw-123__raw-123__stormy_canal_cityscape_in_amsterdam_like_setting.png
124,344,Madrid,Day,Storm,344-madrid-day-storm.png,PRIMARY_FOR_SLOT,LOW,best-fit visual match; generic or ambiguous skyline,raw-124__stormy_cityscape_with_ornate_architecture.png,2,7bcf3ab02b6ec439466b7cdc22a9214dadc39096ae769103b62b4ab2e562a218,assets/city-backgrounds/v1/cities/madrid/day-storm.webp,04-manually-mapped-candidates/by-checklist-slot/344--madrid--day-storm/PRIMARY__raw-124__raw-124__stormy_cityscape_with_ornate_architecture.png
125,343,Buenos Aires,Day,Storm,343-buenos-aires-day-storm.png,PRIMARY_FOR_SLOT,LOW,best-fit visual match; generic or ambiguous skyline,raw-125__stormy_cityscape_over_urban_waterfront.png,2,714cb2a497a06c80281bafd8af432bbecb8d7b73ed019a135e50243155735696,assets/city-backgrounds/v1/cities/buenos-aires/day-storm.webp,04-manually-mapped-candidates/by-checklist-slot/343--buenos-aires--day-storm/PRIMARY__raw-125__raw-125__stormy_cityscape_over_urban_waterfront.png
126,354,Cape Town,Day,Storm,354-cape-town-day-storm.png,PRIMARY_FOR_SLOT,HIGH,distinctive landmark/skyline visual match,raw-126__stormy_skies_over_urban_bay_view.png,2,9ac71751aeeec7bec68eac9a567ec14cf01445b221cd150f5098d3c55a10fea2,assets/city-backgrounds/v1/cities/cape-town/day-storm.webp,04-manually-mapped-candidates/by-checklist-slot/354--cape-town--day-storm/PRIMARY__raw-126__raw-126__stormy_skies_over_urban_bay_view.png
127,346,Rome,Day,Storm,346-rome-day-storm.png,PRIMARY_FOR_SLOT,HIGH,source filename explicitly names the city,raw-127__stormy_skies_over_rome_s_rooftops.png,2,45cf5a9fae87854254b9e4f6f8388def64c8d7750e8ac6e821cd62fd18298a23,assets/city-backgrounds/v1/cities/rome/day-storm.webp,04-manually-mapped-candidates/by-checklist-slot/346--rome--day-storm/PRIMARY__raw-127__raw-127__stormy_skies_over_rome_s_rooftops.png
128,328,Hong Kong,Day,Storm,328-hong-kong-day-storm.png,PRIMARY_FOR_SLOT,LOW,best-fit visual match; generic or ambiguous skyline,raw-128__stormy_cityscape_with_rain_and_skyline.png,2,4a78f0fef9a7ae27dd3aab7735ad145cd8d7ec917b9e83e7074304458756b0a6,assets/city-backgrounds/v1/cities/hong-kong/day-storm.webp,04-manually-mapped-candidates/by-checklist-slot/328--hong-kong--day-storm/PRIMARY__raw-128__raw-128__stormy_cityscape_with_rain_and_skyline.png
129,345,Barcelona,Day,Storm,345-barcelona-day-storm.png,PRIMARY_FOR_SLOT,HIGH,source filename explicitly names the city,raw-129__barcelona_under_stormy_skies.png,2,28df51c3a1515d25b53e02f260780c9b3d855f8ca346c9a82ef2fe332b449c3d,assets/city-backgrounds/v1/cities/barcelona/day-storm.webp,04-manually-mapped-candidates/by-checklist-slot/345--barcelona--day-storm/PRIMARY__raw-129__raw-129__barcelona_under_stormy_skies.png
130,338,Toronto,Day,Storm,338-toronto-day-storm.png,PRIMARY_FOR_SLOT,LOW,best-fit visual match; generic or ambiguous skyline,raw-130__stormy_skyline_with_waterfront_reflections.png,2,659510d2b9468264e1a411262099c36182e483159ea3b02a496a63334eadda77,assets/city-backgrounds/v1/cities/toronto/day-storm.webp,04-manually-mapped-candidates/by-checklist-slot/338--toronto--day-storm/PRIMARY__raw-130__raw-130__stormy_skyline_with_waterfront_reflections.png
131,334,Seoul,Day,Storm,334-seoul-day-storm.png,PRIMARY_FOR_SLOT,LOW,best-fit visual match; generic or ambiguous skyline,raw-131__stormy_cityscape_with_reflective_roads.png,2,8fd344416fe60615badd7155af816a419cb9630b5cf540c24bf162026d6c5ee9,assets/city-backgrounds/v1/cities/seoul/day-storm.webp,04-manually-mapped-candidates/by-checklist-slot/334--seoul--day-storm/PRIMARY__raw-131__raw-131__stormy_cityscape_with_reflective_roads.png
132,337,Sydney,Day,Storm,337-sydney-day-storm.png,PRIMARY_FOR_SLOT,HIGH,source filename explicitly names the city,raw-132__sydney_harbour_storm_at_dusk.png,2,9c209d1a596a36cd1a76cf21cc68d470c045385e859093cd9e4d39f53e802c0b,assets/city-backgrounds/v1/cities/sydney/day-storm.webp,04-manually-mapped-candidates/by-checklist-slot/337--sydney--day-storm/PRIMARY__raw-132__raw-132__sydney_harbour_storm_at_dusk.png
133,342,Rio de Janeiro,Day,Storm,342-rio-de-janeiro-day-storm.png,PRIMARY_FOR_SLOT,HIGH,source filename explicitly names the city,raw-133__storm_over_rio_de_janeiro_skyline.png,2,ea96d5ee868a107fb494f4f107bbeaed6baa25ba3fe975929d33602ae065f76a,assets/city-backgrounds/v1/cities/rio-de-janeiro/day-storm.webp,04-manually-mapped-candidates/by-checklist-slot/342--rio-de-janeiro--day-storm/PRIMARY__raw-133__raw-133__storm_over_rio_de_janeiro_skyline.png
134,340,Mexico City,Day,Storm,340-mexico-city-day-storm.png,PRIMARY_FOR_SLOT,LOW,best-fit visual match; generic or ambiguous skyline,raw-134__stormy_cityscape_with_rainy_atmosphere.png,2,ffb176ffa53890c34d7c460a0b98abdae4d58a06f1231c4268ade535f045f3ce,assets/city-backgrounds/v1/cities/mexico-city/day-storm.webp,04-manually-mapped-candidates/by-checklist-slot/340--mexico-city--day-storm/PRIMARY__raw-134__raw-134__stormy_cityscape_with_rainy_atmosphere.png
135,331,London,Day,Storm,331-london-day-storm.png,PRIMARY_FOR_SLOT,HIGH,distinctive landmark/skyline visual match,raw-135__rainy_thames_promenade_at_dusk.png,2,4cb96864f938d85acd2759a31263164a0710fcf0ae646110b5b4030cf63972fc,assets/city-backgrounds/v1/cities/london/day-storm.webp,04-manually-mapped-candidates/by-checklist-slot/331--london--day-storm/PRIMARY__raw-135__raw-135__rainy_thames_promenade_at_dusk.png
136,335,Beijing,Day,Storm,335-beijing-day-storm.png,PRIMARY_FOR_SLOT,LOW,best-fit visual match; generic or ambiguous skyline,raw-136__stormy_cityscape_with_towering_skyscrapers.png,2,7e79c814359d165769648d061a2ce1d8ba484f1da13a588020cb6112116f9b90,assets/city-backgrounds/v1/cities/beijing/day-storm.webp,04-manually-mapped-candidates/by-checklist-slot/335--beijing--day-storm/PRIMARY__raw-136__raw-136__stormy_cityscape_with_towering_skyscrapers.png
137,333,San Francisco,Day,Storm,333-san-francisco-day-storm.png,PRIMARY_FOR_SLOT,HIGH,source filename explicitly names the city,raw-137__rainy_san_francisco_street_view.png,2,aee9329cc94069c39b052fd3f18ce1f90bc2da4ac476e34789dfd57ad974e477,assets/city-backgrounds/v1/cities/san-francisco/day-storm.webp,04-manually-mapped-candidates/by-checklist-slot/333--san-francisco--day-storm/PRIMARY__raw-137__raw-137__rainy_san_francisco_street_view.png
138,330,Shanghai,Day,Storm,330-shanghai-day-storm.png,PRIMARY_FOR_SLOT,LOW,best-fit visual match; generic or ambiguous skyline,raw-138__rainy_waterfront_with_city_skyline.png,2,1ff281cf38c46b2aa4286925f888fb20d062d0d752ea4969becd6d94b4788426,assets/city-backgrounds/v1/cities/shanghai/day-storm.webp,04-manually-mapped-candidates/by-checklist-slot/330--shanghai--day-storm/PRIMARY__raw-138__raw-138__rainy_waterfront_with_city_skyline.png
139,327,Paris,Day,Storm,327-paris-day-storm.png,DUPLICATE_FOR_SLOT,HIGH,source filename explicitly names the city,raw-139__paris_under_a_stormy_sky.png,2,8bba1d5a2124a6e26249b4ce2898496b30533bd000bb49b0bd09aa0f99e50064,assets/city-backgrounds/v1/duplicates/327/raw-139--paris--day-storm.webp,04-manually-mapped-candidates/by-checklist-slot/327--paris--day-storm/DUPLICATE-01__raw-139__raw-139__paris_under_a_stormy_sky.png
140,329,Kyoto,Day,Storm,329-kyoto-day-storm.png,PRIMARY_FOR_SLOT,HIGH,distinctive landmark/skyline visual match,raw-140__stormy_cityscape_with_pagoda_silhouette.png,2,d50ff31f2e98de65f0ab19ade208cc92c903cc488433a063f69eaa9344466d32,assets/city-backgrounds/v1/cities/kyoto/day-storm.webp,04-manually-mapped-candidates/by-checklist-slot/329--kyoto--day-storm/PRIMARY__raw-140__raw-140__stormy_cityscape_with_pagoda_silhouette.png
141,339,Vancouver,Day,Storm,339-vancouver-day-storm.png,PRIMARY_FOR_SLOT,LOW,best-fit visual match; generic or ambiguous skyline,raw-141__stormy_skyline_with_reflective_river.png,2,144ee3a8c6032f16e399dcb840d085c532c37fc1d862b71a7f852d15b7a40151,assets/city-backgrounds/v1/cities/vancouver/day-storm.webp,04-manually-mapped-candidates/by-checklist-slot/339--vancouver--day-storm/PRIMARY__raw-141__raw-141__stormy_skyline_with_reflective_river.png
142,318,Delhi,Night,Rain,318-delhi-night-rain.png,PRIMARY_FOR_SLOT,LOW,best-fit visual match; generic or ambiguous skyline,raw-142__rainy_cityscape_with_illuminated_reflections.png,2,9f584c0a629da74fdda591139a21e2980fbfa9c39a98e3463e47adfe8e83cbeb,assets/city-backgrounds/v1/cities/delhi/night-rain.webp,04-manually-mapped-candidates/by-checklist-slot/318--delhi--night-rain/PRIMARY__raw-142__raw-142__rainy_cityscape_with_illuminated_reflections.png
143,322,Los Angeles,Day,Storm,322-los-angeles-day-storm.png,PRIMARY_FOR_SLOT,LOW,best-fit visual match; generic or ambiguous skyline,raw-143__stormy_cityscape_with_palm_trees.png,2,daa3cb4316e887f2b0200709344276aa59ace7f038b8397e24885e68175c2ab9,assets/city-backgrounds/v1/cities/los-angeles/day-storm.webp,04-manually-mapped-candidates/by-checklist-slot/322--los-angeles--day-storm/PRIMARY__raw-143__raw-143__stormy_cityscape_with_palm_trees.png
144,325,Boston,Day,Storm,325-boston-day-storm.png,PRIMARY_FOR_SLOT,LOW,best-fit visual match; generic or ambiguous skyline,raw-144__stormy_harbor_cityscape_at_dusk.png,2,8c50db25821677c8a42f70ea2efc54ebf687fabddea506f6d1055e82f6434304,assets/city-backgrounds/v1/cities/boston/day-storm.webp,04-manually-mapped-candidates/by-checklist-slot/325--boston--day-storm/PRIMARY__raw-144__raw-144__stormy_harbor_cityscape_at_dusk.png
145,326,Tokyo,Day,Storm,326-tokyo-day-storm.png,PRIMARY_FOR_SLOT,HIGH,distinctive landmark/skyline visual match,raw-145__city_skyline_under_stormy_skies.png,2,b43c57cf16a43a89215fa67f27719ca636d7d809ecb95b1d8893d8d12cebd782,assets/city-backgrounds/v1/cities/tokyo/day-storm.webp,04-manually-mapped-candidates/by-checklist-slot/326--tokyo--day-storm/PRIMARY__raw-145__raw-145__city_skyline_under_stormy_skies.png
146,324,New York,Day,Storm,324-new-york-day-storm.png,PRIMARY_FOR_SLOT,HIGH,distinctive landmark/skyline visual match,raw-146__stormy_cityscape_with_brooklyn_bridge.png,2,253b647cc01083175db712b3c262e2c6e3aa821ba6be9c1687fa9e06fd59a039,assets/city-backgrounds/v1/cities/new-york/day-storm.webp,04-manually-mapped-candidates/by-checklist-slot/324--new-york--day-storm/PRIMARY__raw-146__raw-146__stormy_cityscape_with_brooklyn_bridge.png
147,323,Chicago,Day,Storm,323-chicago-day-storm.png,PRIMARY_FOR_SLOT,LOW,best-fit visual match; generic or ambiguous skyline,raw-147__stormy_cityscape_by_the_shoreline.png,2,c5c509bbb27fffa7c403a99be1526c1b46d822098ba5db2afbd6f4f98e8c798f,assets/city-backgrounds/v1/cities/chicago/day-storm.webp,04-manually-mapped-candidates/by-checklist-slot/323--chicago--day-storm/PRIMARY__raw-147__raw-147__stormy_cityscape_by_the_shoreline.png
148,317,Mumbai,Night,Rain,317-mumbai-night-rain.png,PRIMARY_FOR_SLOT,HIGH,distinctive landmark/skyline visual match,raw-148__rainy_coastal_city_at_night.png,3,872597f39270bd9a76dbe6669f54dddfc27f5c4579ecc494851ba2178cd9235d,assets/city-backgrounds/v1/cities/mumbai/night-rain.webp,04-manually-mapped-candidates/by-checklist-slot/317--mumbai--night-rain/PRIMARY__raw-148__raw-148__rainy_coastal_city_at_night.png
149,320,Jakarta,Night,Rain,320-jakarta-night-rain.png,PRIMARY_FOR_SLOT,LOW,best-fit visual match; generic or ambiguous skyline,raw-149__stormy_city_night_with_rain_reflections.png,3,a38e469b769d207409b9f08a461e019cb1f8b4de3333a41262b254b926abdb07,assets/city-backgrounds/v1/cities/jakarta/night-rain.webp,04-manually-mapped-candidates/by-checklist-slot/320--jakarta--night-rain/PRIMARY__raw-149__raw-149__stormy_city_night_with_rain_reflections.png
150,319,Kuala Lumpur,Night,Rain,319-kuala-lumpur-night-rain.png,PRIMARY_FOR_SLOT,HIGH,distinctive landmark/skyline visual match,raw-150__rainy_city_skyline_at_night.png,3,5fd42911e85d6643fb7c7877f491804fab5b7437e57c20229358057b5398ee54,assets/city-backgrounds/v1/cities/kuala-lumpur/night-rain.webp,04-manually-mapped-candidates/by-checklist-slot/319--kuala-lumpur--night-rain/PRIMARY__raw-150__raw-150__rainy_city_skyline_at_night.png
151,314,Cape Town,Night,Rain,314-cape-town-night-rain.png,PRIMARY_FOR_SLOT,HIGH,distinctive landmark/skyline visual match,raw-151__stormy_harbor_at_night.png,3,8e2e472afca4b48da2426194040213c682d6f23bc0740e3266b00d197db7fe2e,assets/city-backgrounds/v1/cities/cape-town/night-rain.webp,04-manually-mapped-candidates/by-checklist-slot/314--cape-town--night-rain/PRIMARY__raw-151__raw-151__stormy_harbor_at_night.png
152,316,Bangkok,Night,Rain,316-bangkok-night-rain.png,PRIMARY_FOR_SLOT,LOW,best-fit visual match; generic or ambiguous skyline,raw-152__rainy_cityscape_by_the_river_at_night.png,3,5d39c2c933e27a016fe82ae3399637ee038221af1164bb38dfd600d0923c92e7,assets/city-backgrounds/v1/cities/bangkok/night-rain.webp,04-manually-mapped-candidates/by-checklist-slot/316--bangkok--night-rain/PRIMARY__raw-152__raw-152__rainy_cityscape_by_the_river_at_night.png
153,313,Cairo,Night,Rain,313-cairo-night-rain.png,PRIMARY_FOR_SLOT,LOW,best-fit visual match; generic or ambiguous skyline,raw-153__stormy_city_skyline_with_glowing_reflections.png,3,affddcce6e3d025052801d6d23853d332c8af20b4024d2a53443002d4c336107,assets/city-backgrounds/v1/cities/cairo/night-rain.webp,04-manually-mapped-candidates/by-checklist-slot/313--cairo--night-rain/PRIMARY__raw-153__raw-153__stormy_city_skyline_with_glowing_reflections.png
154,311,Prague,Night,Rain,311-prague-night-rain.png,PRIMARY_FOR_SLOT,HIGH,distinctive landmark/skyline visual match,raw-154__nighttime_bridge_with_glowing_city_lights.png,3,b2c03ead8b3fabe7e82ab3ff0e6b051159f712704f7f8d566eef367f796cf2bc,assets/city-backgrounds/v1/cities/prague/night-rain.webp,04-manually-mapped-candidates/by-checklist-slot/311--prague--night-rain/PRIMARY__raw-154__raw-154__nighttime_bridge_with_glowing_city_lights.png
155,310,Vienna,Night,Rain,310-vienna-night-rain.png,PRIMARY_FOR_SLOT,LOW,best-fit visual match; generic or ambiguous skyline,raw-155__stormy_cityscape_by_the_water.png,3,e4f3ccbe77e2c0a87b1c648753c0ec1733373c65fd8c9bdc74502937700c9fcf,assets/city-backgrounds/v1/cities/vienna/night-rain.webp,04-manually-mapped-candidates/by-checklist-slot/310--vienna--night-rain/PRIMARY__raw-155__raw-155__stormy_cityscape_by_the_water.png
156,312,Istanbul,Night,Rain,312-istanbul-night-rain.png,PRIMARY_FOR_SLOT,LOW,best-fit visual match; generic or ambiguous skyline,raw-156__nighttime_city_waterfront_reflections.png,3,9aaec00df5a1a9e924ae2abc0a5999bd9034d8d838305719f34b1f92b0b96197,assets/city-backgrounds/v1/cities/istanbul/night-rain.webp,04-manually-mapped-candidates/by-checklist-slot/312--istanbul--night-rain/PRIMARY__raw-156__raw-156__nighttime_city_waterfront_reflections.png
157,292,Singapore,Night,Rain,292-singapore-night-rain.png,DUPLICATE_OF_VERIFIED_CANONICAL,HIGH,distinctive landmark/skyline visual match,raw-157__rainy_city_skyline_with_reflections.png,3,887cc5b23b9b5576b7cfb81aca2a678be8c6b01020d2bcd6d2e17f21676e842a,assets/city-backgrounds/v1/duplicates/292/raw-157--singapore--night-rain.webp,04-manually-mapped-candidates/by-checklist-slot/292--singapore--night-rain/DUPLICATE-CANONICAL-01__raw-157__raw-157__rainy_city_skyline_with_reflections.png
158,307,Milan,Night,Rain,307-milan-night-rain.png,PRIMARY_FOR_SLOT,HIGH,distinctive landmark/skyline visual match,raw-158__gothic_cathedral_under_stormy_city_sky.png,3,7029414dc2aa74b5dab10d827ddffe9f7917c75cd1b1ef3640887bb17e8b57b3,assets/city-backgrounds/v1/cities/milan/night-rain.webp,04-manually-mapped-candidates/by-checklist-slot/307--milan--night-rain/PRIMARY__raw-158__raw-158__gothic_cathedral_under_stormy_city_sky.png
159,309,Amsterdam,Night,Rain,309-amsterdam-night-rain.png,DUPLICATE_OF_VERIFIED_CANONICAL,HIGH,source filename explicitly names the city,raw-159__rainy_night_on_amsterdam_s_canals.png,3,526d0bb616c131a370d92be90fcea0309e8da3f3069a1448f2ab238869067e58,assets/city-backgrounds/v1/duplicates/309/raw-159--amsterdam--night-rain.webp,04-manually-mapped-candidates/by-checklist-slot/309--amsterdam--night-rain/DUPLICATE-CANONICAL-01__raw-159__raw-159__rainy_night_on_amsterdam_s_canals.png
160,308,Berlin,Night,Rain,308-berlin-night-rain.png,PRIMARY_FOR_SLOT,HIGH,distinctive landmark/skyline visual match,raw-160__stormy_city_skyline_with_glowing_architecture.png,3,d8dc296199f957dc66d61de5b3fad369b3e0e66f01cc16e17303cc9a08147b7e,assets/city-backgrounds/v1/cities/berlin/night-rain.webp,04-manually-mapped-candidates/by-checklist-slot/308--berlin--night-rain/PRIMARY__raw-160__raw-160__stormy_city_skyline_with_glowing_architecture.png
161,300,Mexico City,Night,Rain,300-mexico-city-night-rain.png,PRIMARY_FOR_SLOT,LOW,best-fit visual match; generic or ambiguous skyline,raw-161__nighttime_cityscape_with_rain_reflections.png,3,98ec9694b463a604eb2759a653bc03f8840ee8200859599738957bc15e42f9c9,assets/city-backgrounds/v1/cities/mexico-city/night-rain.webp,04-manually-mapped-candidates/by-checklist-slot/300--mexico-city--night-rain/PRIMARY__raw-161__raw-161__nighttime_cityscape_with_rain_reflections.png
162,287,Paris,Night,Rain,287-paris-night-rain.png,PRIMARY_FOR_SLOT,LOW,best-fit visual match; generic or ambiguous skyline,raw-162__stormy_cityscape_with_glowing_reflections.png,3,10f52a78fecf05ccd1046589f1bd8b3fe1cb10a561d10f9baebe0183e5b2bc06,assets/city-backgrounds/v1/cities/paris/night-rain.webp,04-manually-mapped-candidates/by-checklist-slot/287--paris--night-rain/PRIMARY__raw-162__raw-162__stormy_cityscape_with_glowing_reflections.png
163,305,Barcelona,Night,Rain,305-barcelona-night-rain.png,PRIMARY_FOR_SLOT,HIGH,source filename explicitly names the city,raw-163__barcelona_skyline_under_rainy_skies.png,3,5ea9b1637a646587aa808e646f15c5cdc85fe25904738cad2d548ac1876291b2,assets/city-backgrounds/v1/cities/barcelona/night-rain.webp,04-manually-mapped-candidates/by-checklist-slot/305--barcelona--night-rain/PRIMARY__raw-163__raw-163__barcelona_skyline_under_rainy_skies.png
164,297,Sydney,Night,Rain,297-sydney-night-rain.png,PRIMARY_FOR_SLOT,HIGH,source filename explicitly names the city,raw-164__rainy_night_at_sydney_s_waterfront.png,3,ae202b5ce85456d08a79906edcf2dcd7aa5a1a9bab2fa62177824460a6d8a586,assets/city-backgrounds/v1/cities/sydney/night-rain.webp,04-manually-mapped-candidates/by-checklist-slot/297--sydney--night-rain/PRIMARY__raw-164__raw-164__rainy_night_at_sydney_s_waterfront.png
165,288,Hong Kong,Night,Rain,288-hong-kong-night-rain.png,PRIMARY_FOR_SLOT,LOW,best-fit visual match; generic or ambiguous skyline,raw-165__rainy_cityscape_with_glowing_roads_and_lights.png,3,1c9cd01830f8170926679d996e9f2bc3ff01bada214f9b50aac2a6f858d29b3e,assets/city-backgrounds/v1/cities/hong-kong/night-rain.webp,04-manually-mapped-candidates/by-checklist-slot/288--hong-kong--night-rain/PRIMARY__raw-165__raw-165__rainy_cityscape_with_glowing_roads_and_lights.png
166,304,Madrid,Night,Rain,304-madrid-night-rain.png,PRIMARY_FOR_SLOT,LOW,best-fit visual match; generic or ambiguous skyline,raw-166__rainy_night_on_a_reflective_city_street.png,3,d083e3e71d8d3b144919e2a8f6ba025729799188f6fb6d7949dd7864d2e2f46b,assets/city-backgrounds/v1/cities/madrid/night-rain.webp,04-manually-mapped-candidates/by-checklist-slot/304--madrid--night-rain/PRIMARY__raw-166__raw-166__rainy_night_on_a_reflective_city_street.png
167,306,Rome,Night,Rain,306-rome-night-rain.png,PRIMARY_FOR_SLOT,HIGH,distinctive landmark/skyline visual match,raw-167__moonlit_river_and_stone_bridge.png,3,a352563794bf74a8ed1bccb9da975fc31b51ee54adbec7592fa84a31cc1b14fc,assets/city-backgrounds/v1/cities/rome/night-rain.webp,04-manually-mapped-candidates/by-checklist-slot/306--rome--night-rain/PRIMARY__raw-167__raw-167__moonlit_river_and_stone_bridge.png
168,298,Toronto,Night,Rain,298-toronto-night-rain.png,PRIMARY_FOR_SLOT,HIGH,distinctive landmark/skyline visual match,raw-168__stormy_city_skyline_with_glowing_tower.png,3,b2935e17c3e1cb2f5cc015b2fa470c8c6b56ef375a3e0ce010d2ab352d90afa0,assets/city-backgrounds/v1/cities/toronto/night-rain.webp,04-manually-mapped-candidates/by-checklist-slot/298--toronto--night-rain/PRIMARY__raw-168__raw-168__stormy_city_skyline_with_glowing_tower.png
169,288,Hong Kong,Night,Rain,288-hong-kong-night-rain.png,DUPLICATE_FOR_SLOT,HIGH,distinctive landmark/skyline visual match,raw-169__rainy_night_at_the_waterfront.png,3,c1757b95fe87ed493595725df7f6fbaa112601f4f7b45637c3c8b3f8090e806f,assets/city-backgrounds/v1/duplicates/288/raw-169--hong-kong--night-rain.webp,04-manually-mapped-candidates/by-checklist-slot/288--hong-kong--night-rain/DUPLICATE-01__raw-169__raw-169__rainy_night_at_the_waterfront.png
170,302,Rio de Janeiro,Night,Rain,302-rio-de-janeiro-night-rain.png,DUPLICATE_OF_VERIFIED_CANONICAL,HIGH,distinctive landmark/skyline visual match,raw-170__rainy_city_bay_under_stormy_skies.png,3,e106af3bd35a1703f4db2d69e0d51c247db42e40e0d17b299d86f98588876eba,assets/city-backgrounds/v1/duplicates/302/raw-170--rio-de-janeiro--night-rain.webp,04-manually-mapped-candidates/by-checklist-slot/302--rio-de-janeiro--night-rain/DUPLICATE-CANONICAL-01__raw-170__raw-170__rainy_city_bay_under_stormy_skies.png
171,294,Seoul,Night,Rain,294-seoul-night-rain.png,DUPLICATE_OF_VERIFIED_CANONICAL,LOW,best-fit visual match; generic or ambiguous skyline,raw-171__rainy_city_lights_at_night.png,3,feba9e38df071c7e103ddafd0f0c63e373fa75cfa8fc170ccfebe508faf0a8f2,assets/city-backgrounds/v1/duplicates/294/raw-171--seoul--night-rain.webp,04-manually-mapped-candidates/by-checklist-slot/294--seoul--night-rain/DUPLICATE-CANONICAL-01__raw-171__raw-171__rainy_city_lights_at_night.png
172,293,San Francisco,Night,Rain,293-san-francisco-night-rain.png,PRIMARY_FOR_SLOT,LOW,best-fit visual match; generic or ambiguous skyline,raw-172__rainy_night_cityscape_with_wet_streets.png,3,8865021fb23ba4e6ab8e35f0a39172658febc9d7944c1857de40681d8faeb239,assets/city-backgrounds/v1/cities/san-francisco/night-rain.webp,04-manually-mapped-candidates/by-checklist-slot/293--san-francisco--night-rain/PRIMARY__raw-172__raw-172__rainy_night_cityscape_with_wet_streets.png
173,292,Singapore,Night,Rain,292-singapore-night-rain.png,DUPLICATE_OF_VERIFIED_CANONICAL,LOW,best-fit visual match; generic or ambiguous skyline,raw-173__misty_cityscape_with_glowing_reflections.png,3,92fb57bff19144cceddfa646ed7d20b641e5e884bc3b4b29b5416555f6c6d2dc,assets/city-backgrounds/v1/duplicates/292/raw-173--singapore--night-rain.webp,04-manually-mapped-candidates/by-checklist-slot/292--singapore--night-rain/DUPLICATE-CANONICAL-02__raw-173__raw-173__misty_cityscape_with_glowing_reflections.png
174,290,Shanghai,Night,Rain,290-shanghai-night-rain.png,PRIMARY_FOR_SLOT,LOW,best-fit visual match; generic or ambiguous skyline,raw-174__rainy_night_city_by_the_river.png,3,eeb7370600cfe5e11cc5fc6a494cac2558e1545ba768b6efb212bfe5120d88cd,assets/city-backgrounds/v1/cities/shanghai/night-rain.webp,04-manually-mapped-candidates/by-checklist-slot/290--shanghai--night-rain/PRIMARY__raw-174__raw-174__rainy_night_city_by_the_river.png
175,291,London,Night,Rain,291-london-night-rain.png,PRIMARY_FOR_SLOT,HIGH,source filename explicitly names the city,raw-175__rainy_night_in_london_by_the_river.png,3,ecbea867adeda3007ae95eb01ce7986da5c505d24ccf7a1786b39d091f5f1003,assets/city-backgrounds/v1/cities/london/night-rain.webp,04-manually-mapped-candidates/by-checklist-slot/291--london--night-rain/PRIMARY__raw-175__raw-175__rainy_night_in_london_by_the_river.png
176,287,Paris,Night,Rain,287-paris-night-rain.png,DUPLICATE_FOR_SLOT,HIGH,source filename explicitly names the city,raw-176__rainy_night_along_the_parisian_bridge.png,3,2caa289207a5c0808ab5838b2751b038e22bed832d9c4f43a984d9e165aead88,assets/city-backgrounds/v1/duplicates/287/raw-176--paris--night-rain.webp,04-manually-mapped-candidates/by-checklist-slot/287--paris--night-rain/DUPLICATE-01__raw-176__raw-176__rainy_night_along_the_parisian_bridge.png
177,294,Seoul,Night,Rain,294-seoul-night-rain.png,DUPLICATE_OF_VERIFIED_CANONICAL,LOW,best-fit visual match; generic or ambiguous skyline,raw-177__gloomy_city_lights_by_the_river.png,3,e486ebaf8436788e0162afe45788a844da7f1b8a69623aa8469db4431c068023,assets/city-backgrounds/v1/duplicates/294/raw-177--seoul--night-rain.webp,04-manually-mapped-candidates/by-checklist-slot/294--seoul--night-rain/DUPLICATE-CANONICAL-02__raw-177__raw-177__gloomy_city_lights_by_the_river.png
178,289,Kyoto,Night,Rain,289-kyoto-night-rain.png,PRIMARY_FOR_SLOT,HIGH,distinctive landmark/skyline visual match,raw-178__rainy_night_in_a_traditional_cityscape.png,3,574a309119b0b9c0e39d2c203f5a3f5ec1b568fd62086ee1d778982bb43a9d77,assets/city-backgrounds/v1/cities/kyoto/night-rain.webp,04-manually-mapped-candidates/by-checklist-slot/289--kyoto--night-rain/PRIMARY__raw-178__raw-178__rainy_night_in_a_traditional_cityscape.png
179,277,Nairobi,Day,Rain,277-nairobi-day-rain.png,PRIMARY_FOR_SLOT,LOW,best-fit visual match; generic or ambiguous skyline,raw-179__moody_cityscape_under_rainy_skies.png,3,da8102c0b431f3fb14cd38a9121154dcaff7bd1f473b3a2ddbbac252ed7c9973,assets/city-backgrounds/v1/cities/nairobi/day-rain.webp,04-manually-mapped-candidates/by-checklist-slot/277--nairobi--day-rain/PRIMARY__raw-179__raw-179__moody_cityscape_under_rainy_skies.png
180,296,Dubai,Night,Rain,296-dubai-night-rain.png,PRIMARY_FOR_SLOT,HIGH,distinctive landmark/skyline visual match,raw-180__rainy_city_at_night_with_skyline.png,3,82ae8e31c4c709b5befb52a6e55ffc2e9988880093b7797be8e6acdf0ad6dcd5,assets/city-backgrounds/v1/cities/dubai/night-rain.webp,04-manually-mapped-candidates/by-checklist-slot/296--dubai--night-rain/PRIMARY__raw-180__raw-180__rainy_city_at_night_with_skyline.png
181,279,Mumbai,Day,Rain,279-mumbai-day-rain.png,DUPLICATE_OF_VERIFIED_CANONICAL,LOW,best-fit visual match; generic or ambiguous skyline,raw-181__rainy_cityscape_with_sleek_waterfront_curve.png,3,058c6ff8603d7018df1a4ec4c88ca7eae3f8e42c9661ba9f629343ae7e82f550,assets/city-backgrounds/v1/duplicates/279/raw-181--mumbai--day-rain.webp,04-manually-mapped-candidates/by-checklist-slot/279--mumbai--day-rain/DUPLICATE-CANONICAL-01__raw-181__raw-181__rainy_cityscape_with_sleek_waterfront_curve.png
182,282,Jakarta,Day,Rain,282-jakarta-day-rain.png,PRIMARY_FOR_SLOT,LOW,best-fit visual match; generic or ambiguous skyline,raw-182__stormy_city_skyline_over_rain_soaked_rooftops.png,3,a62abdb903ca679fa42166f408d05119c289a177f42952cf6d0ebeccb0925ee5,assets/city-backgrounds/v1/cities/jakarta/day-rain.webp,04-manually-mapped-candidates/by-checklist-slot/282--jakarta--day-rain/PRIMARY__raw-182__raw-182__stormy_city_skyline_over_rain_soaked_rooftops.png
183,280,Delhi,Day,Rain,280-delhi-day-rain.png,PRIMARY_FOR_SLOT,LOW,best-fit visual match; generic or ambiguous skyline,raw-183__overcast_cityscape_with_rainy_streets.png,3,4217e6a8b6c61d1f5c0649c0510c155327e95dbb68d8bece178aea89f75b9b21,assets/city-backgrounds/v1/cities/delhi/day-rain.webp,04-manually-mapped-candidates/by-checklist-slot/280--delhi--day-rain/PRIMARY__raw-183__raw-183__overcast_cityscape_with_rainy_streets.png
184,284,Los Angeles,Night,Rain,284-los-angeles-night-rain.png,PRIMARY_FOR_SLOT,LOW,best-fit visual match; generic or ambiguous skyline,raw-184__rainy_night_over_the_cityscape.png,3,b76bf74c4afa10edfd11d56a9ab408a6c7f6896799de5f5732a18ff071758019,assets/city-backgrounds/v1/cities/los-angeles/night-rain.webp,04-manually-mapped-candidates/by-checklist-slot/284--los-angeles--night-rain/PRIMARY__raw-184__raw-184__rainy_night_over_the_cityscape.png
185,283,Manila,Day,Rain,283-manila-day-rain.png,PRIMARY_FOR_SLOT,LOW,best-fit visual match; generic or ambiguous skyline,raw-185__stormy_cityscape_with_dense_skyline.png,3,336e747c3e9fc3a968c7feac96765e17113989bde83a8ccf0e69195a12614f13,assets/city-backgrounds/v1/cities/manila/day-rain.webp,04-manually-mapped-candidates/by-checklist-slot/283--manila--day-rain/PRIMARY__raw-185__raw-185__stormy_cityscape_with_dense_skyline.png
186,283,Manila,Day,Rain,283-manila-day-rain.png,DUPLICATE_FOR_SLOT,LOW,best-fit visual match; generic or ambiguous skyline,raw-186__stormy_urban_waterfront_skyline_view.png,3,0c57bed5a5d9f5a12ce3ccb01bdf9238695486c4abbd98d98fc08adb2f622dfa,assets/city-backgrounds/v1/duplicates/283/raw-186--manila--day-rain.webp,04-manually-mapped-candidates/by-checklist-slot/283--manila--day-rain/DUPLICATE-01__raw-186__raw-186__stormy_urban_waterfront_skyline_view.png
187,285,Chicago,Night,Rain,285-chicago-night-rain.png,PRIMARY_FOR_SLOT,LOW,best-fit visual match; generic or ambiguous skyline,raw-187__moody_cityscape_by_the_water.png,3,1341eaa6066af59fcb9f36051a3bcb0fec748c0ae3cd5639af911e1a326222d1,assets/city-backgrounds/v1/cities/chicago/night-rain.webp,04-manually-mapped-candidates/by-checklist-slot/285--chicago--night-rain/PRIMARY__raw-187__raw-187__moody_cityscape_by_the_water.png
188,281,Kuala Lumpur,Day,Rain,281-kuala-lumpur-day-rain.png,PRIMARY_FOR_SLOT,LOW,best-fit visual match; generic or ambiguous skyline,raw-188__rainy_cityscape_with_looming_skyscrapers.png,3,c99232ee0bb5506a22cabdf76de1eb769940132ba8dee6168bc852b11a638418,assets/city-backgrounds/v1/cities/kuala-lumpur/day-rain.webp,04-manually-mapped-candidates/by-checklist-slot/281--kuala-lumpur--day-rain/PRIMARY__raw-188__raw-188__rainy_cityscape_with_looming_skyscrapers.png
189,286,Boston,Night,Rain,286-boston-night-rain.png,PRIMARY_FOR_SLOT,LOW,best-fit visual match; generic or ambiguous skyline,raw-189__stormy_night_by_the_city_waterfront.png,3,393f275fbf3444eec0439b0b7637d46e4dbdea141b6ec8f7a1150304dec95350,assets/city-backgrounds/v1/cities/boston/night-rain.webp,04-manually-mapped-candidates/by-checklist-slot/286--boston--night-rain/PRIMARY__raw-189__raw-189__stormy_night_by_the_city_waterfront.png
190,270,Berlin,Day,Rain,270-berlin-day-rain.png,PRIMARY_FOR_SLOT,HIGH,distinctive landmark/skyline visual match,raw-190__rainy_cityscape_with_historic_and_modern_buildings.png,3,4954a53f1de76476f38a8a18190c44a266f2d64622dd1e0e068eb46a57eefdd3,assets/city-backgrounds/v1/cities/berlin/day-rain.webp,04-manually-mapped-candidates/by-checklist-slot/270--berlin--day-rain/PRIMARY__raw-190__raw-190__rainy_cityscape_with_historic_and_modern_buildings.png
191,272,Vienna,Day,Rain,272-vienna-day-rain.png,PRIMARY_FOR_SLOT,HIGH,distinctive landmark/skyline visual match,raw-191__rainy_european_cityscape_with_cathedral_spire.png,3,786743fca72c12db4b62b4226276939ba6d3cdfd0950ffb32434c1c9d16cab29,assets/city-backgrounds/v1/cities/vienna/day-rain.webp,04-manually-mapped-candidates/by-checklist-slot/272--vienna--day-rain/PRIMARY__raw-191__raw-191__rainy_european_cityscape_with_cathedral_spire.png
192,276,Cape Town,Day,Rain,276-cape-town-day-rain.png,PRIMARY_FOR_SLOT,HIGH,distinctive landmark/skyline visual match,raw-192__rainy_coastal_city_beneath_misty_mountains.png,3,88a82378c61ba987b7ead47cdb4d23bfeb648169129578c4e9c1d96859f153f9,assets/city-backgrounds/v1/cities/cape-town/day-rain.webp,04-manually-mapped-candidates/by-checklist-slot/276--cape-town--day-rain/PRIMARY__raw-192__raw-192__rainy_coastal_city_beneath_misty_mountains.png
193,271,Amsterdam,Day,Rain,271-amsterdam-day-rain.png,PRIMARY_FOR_SLOT,HIGH,distinctive landmark/skyline visual match,raw-193__moody_rain_over_a_european_canal.png,3,2f358074f9c59c6a6d69c34d805818695aeb7e2ff97af14a4e6e47543aae1ac0,assets/city-backgrounds/v1/cities/amsterdam/day-rain.webp,04-manually-mapped-candidates/by-checklist-slot/271--amsterdam--day-rain/PRIMARY__raw-193__raw-193__moody_rain_over_a_european_canal.png
194,274,Istanbul,Day,Rain,274-istanbul-day-rain.png,PRIMARY_FOR_SLOT,HIGH,source filename explicitly names the city,raw-194__istanbul_under_rainy_skies.png,3,65a03aacde5315e119085baa62b0f634e9ec87a5d81300d468a8a05ad220186b,assets/city-backgrounds/v1/cities/istanbul/day-rain.webp,04-manually-mapped-candidates/by-checklist-slot/274--istanbul--day-rain/PRIMARY__raw-194__raw-194__istanbul_under_rainy_skies.png
195,268,Rome,Day,Rain,268-rome-day-rain.png,PRIMARY_FOR_SLOT,HIGH,source filename explicitly names the city,raw-195__rainy_panoramic_view_of_rome.png,3,aa3f7550abcac838bb896135552cd11d9817fd1cb498c5e1ca39f6bd5c662d75,assets/city-backgrounds/v1/cities/rome/day-rain.webp,04-manually-mapped-candidates/by-checklist-slot/268--rome--day-rain/PRIMARY__raw-195__raw-195__rainy_panoramic_view_of_rome.png
196,275,Cairo,Day,Rain,275-cairo-day-rain.png,PRIMARY_FOR_SLOT,HIGH,distinctive landmark/skyline visual match,raw-196__rainy_cityscape_over_the_nile_river.png,3,379d04a3d3f905439e6915e1c5f6a0157ecdf53587cf65c6ea907735eb43f7ed,assets/city-backgrounds/v1/cities/cairo/day-rain.webp,04-manually-mapped-candidates/by-checklist-slot/275--cairo--day-rain/PRIMARY__raw-196__raw-196__rainy_cityscape_over_the_nile_river.png
197,267,Barcelona,Day,Rain,267-barcelona-day-rain.png,PRIMARY_FOR_SLOT,HIGH,distinctive landmark/skyline visual match,raw-197__rainy_cityscape_with_cathedral_in_distance.png,3,9fc4a58127f5dc66016435c50f616f07b583f6c90f500a59a99177fee448ce09,assets/city-backgrounds/v1/cities/barcelona/day-rain.webp,04-manually-mapped-candidates/by-checklist-slot/267--barcelona--day-rain/PRIMARY__raw-197__raw-197__rainy_cityscape_with_cathedral_in_distance.png
198,265,Buenos Aires,Day,Rain,265-buenos-aires-day-rain.png,PRIMARY_FOR_SLOT,HIGH,distinctive landmark/skyline visual match,raw-198__quiet_rainy_afternoon_in_the_city.png,3,601e0eb4de8acde52761d30fa370f235607f328c097eed12178a87ab10cb90eb,assets/city-backgrounds/v1/cities/buenos-aires/day-rain.webp,04-manually-mapped-candidates/by-checklist-slot/265--buenos-aires--day-rain/PRIMARY__raw-198__raw-198__quiet_rainy_afternoon_in_the_city.png
199,269,Milan,Day,Rain,269-milan-day-rain.png,DUPLICATE_OF_VERIFIED_CANONICAL,HIGH,distinctive landmark/skyline visual match,raw-199__historic_architecture_meets_modern_skyline_haze.png,3,e9e349a3058376d636d2f3b33d1258b3d62cf032f76ef3fb50fde0115ae90b0a,assets/city-backgrounds/v1/duplicates/269/raw-199--milan--day-rain.webp,04-manually-mapped-candidates/by-checklist-slot/269--milan--day-rain/DUPLICATE-CANONICAL-01__raw-199__raw-199__historic_architecture_meets_modern_skyline_haze.png
200,250,Hong Kong,Day,Rain,250-hong-kong-day-rain.png,PRIMARY_FOR_SLOT,LOW,best-fit visual match; generic or ambiguous skyline,raw-200__rainy_cityscape_with_wet_streets.png,3,3963699ad0ac7c8006785acc00616da11da7e77d438890f5d7de2f99cbf6ecda,assets/city-backgrounds/v1/cities/hong-kong/day-rain.webp,04-manually-mapped-candidates/by-checklist-slot/250--hong-kong--day-rain/PRIMARY__raw-200__raw-200__rainy_cityscape_with_wet_streets.png
201,260,Toronto,Day,Rain,260-toronto-day-rain.png,PRIMARY_FOR_SLOT,HIGH,distinctive landmark/skyline visual match,raw-201__moody_waterfront_cityscape_under_overcast_skies.png,3,4f91005d4a19ce72c8c8448c1d6ed1979a7a560aa03e90041c4d1a364ac19e1f,assets/city-backgrounds/v1/cities/toronto/day-rain.webp,04-manually-mapped-candidates/by-checklist-slot/260--toronto--day-rain/PRIMARY__raw-201__raw-201__moody_waterfront_cityscape_under_overcast_skies.png
202,262,Mexico City,Day,Rain,262-mexico-city-day-rain.png,PRIMARY_FOR_SLOT,LOW,best-fit visual match; generic or ambiguous skyline,raw-202__city_under_overcast_skies_and_rain.png,3,c2e5cdc513d1bee2c25be517bfa7cd17ab46718968981810f7fdec077952c2a0,assets/city-backgrounds/v1/cities/mexico-city/day-rain.webp,04-manually-mapped-candidates/by-checklist-slot/262--mexico-city--day-rain/PRIMARY__raw-202__raw-202__city_under_overcast_skies_and_rain.png
203,261,Vancouver,Day,Rain,261-vancouver-day-rain.png,PRIMARY_FOR_SLOT,HIGH,distinctive landmark/skyline visual match,raw-203__moody_coastal_cityscape_in_rain.png,3,2cc011f1b10f6913f1c761d154e33784805798ec0a0e3522cac61320c8b4adba,assets/city-backgrounds/v1/cities/vancouver/day-rain.webp,04-manually-mapped-candidates/by-checklist-slot/261--vancouver--day-rain/PRIMARY__raw-203__raw-203__moody_coastal_cityscape_in_rain.png
204,258,Dubai,Day,Rain,258-dubai-day-rain.png,PRIMARY_FOR_SLOT,HIGH,distinctive landmark/skyline visual match,raw-204__rainy_city_skyline_by_the_waterfront.png,3,cf3510a284fd4110e49cf728f6e08a7200ead7f3528750739699d99ef89f67e7,assets/city-backgrounds/v1/cities/dubai/day-rain.webp,04-manually-mapped-candidates/by-checklist-slot/258--dubai--day-rain/PRIMARY__raw-204__raw-204__rainy_city_skyline_by_the_waterfront.png
205,266,Madrid,Day,Rain,266-madrid-day-rain.png,PRIMARY_FOR_SLOT,HIGH,distinctive landmark/skyline visual match,raw-205__rainy_cityscape_with_ornate_buildings.png,3,b10c7151e193850c86db87def7b9fa14dc60792be75d97c4d534bd68f94628f6,assets/city-backgrounds/v1/cities/madrid/day-rain.webp,04-manually-mapped-candidates/by-checklist-slot/266--madrid--day-rain/PRIMARY__raw-205__raw-205__rainy_cityscape_with_ornate_buildings.png
206,257,Beijing,Day,Rain,257-beijing-day-rain.png,PRIMARY_FOR_SLOT,LOW,best-fit visual match; generic or ambiguous skyline,raw-206__rainy_cityscape_with_traditional_pavilion.png,3,5e2cf5879947847a25bb9fb4a1c98cef15b431dd7bfbd8d9126adcfaf048f4b2,assets/city-backgrounds/v1/cities/beijing/day-rain.webp,04-manually-mapped-candidates/by-checklist-slot/257--beijing--day-rain/PRIMARY__raw-206__raw-206__rainy_cityscape_with_traditional_pavilion.png
207,264,Rio de Janeiro,Day,Rain,264-rio-de-janeiro-day-rain.png,PRIMARY_FOR_SLOT,HIGH,distinctive landmark/skyline visual match,raw-207__coastal_cityscape_under_rainy_skies.png,3,056a9f6ba85723f9a7ed5b5c5f7b46edae954ec51d9cf86729b794aea8de0774,assets/city-backgrounds/v1/cities/rio-de-janeiro/day-rain.webp,04-manually-mapped-candidates/by-checklist-slot/264--rio-de-janeiro--day-rain/PRIMARY__raw-207__raw-207__coastal_cityscape_under_rainy_skies.png
208,259,Sydney,Day,Rain,259-sydney-day-rain.png,PRIMARY_FOR_SLOT,HIGH,distinctive landmark/skyline visual match,raw-208__overcast_city_skyline_by_the_water.png,3,d9612212f5477d5800657035ae56aa6c42293796ff92c75a50aefb1c969dd34b,assets/city-backgrounds/v1/cities/sydney/day-rain.webp,04-manually-mapped-candidates/by-checklist-slot/259--sydney--day-rain/PRIMARY__raw-208__raw-208__overcast_city_skyline_by_the_water.png
209,273,Prague,Day,Rain,273-prague-day-rain.png,PRIMARY_FOR_SLOT,HIGH,distinctive landmark/skyline visual match,raw-209__rainy_cityscape_with_historic_bridge_and_castle.png,3,82b7da951baaadb0c10b35333b4ac64edd913613b37a5bb9b0eb39a2521e6e76,assets/city-backgrounds/v1/cities/prague/day-rain.webp,04-manually-mapped-candidates/by-checklist-slot/273--prague--day-rain/PRIMARY__raw-209__raw-209__rainy_cityscape_with_historic_bridge_and_castle.png
210,247,Boston,Day,Rain,247-boston-day-rain.png,DUPLICATE_OF_VERIFIED_CANONICAL,HIGH,distinctive landmark/skyline visual match,raw-210__rainy_waterfront_cityscape_at_dusk.png,3,6829026afaf036d14ce38a14415e703cbb479a236b956bb7886c1f2e5fdb706b,assets/city-backgrounds/v1/duplicates/247/raw-210--boston--day-rain.webp,04-manually-mapped-candidates/by-checklist-slot/247--boston--day-rain/DUPLICATE-CANONICAL-01__raw-210__raw-210__rainy_waterfront_cityscape_at_dusk.png
211,253,London,Day,Rain,253-london-day-rain.png,PRIMARY_FOR_SLOT,HIGH,distinctive landmark/skyline visual match,raw-211__rainy_thames_cityscape_with_modern_skyline.png,3,a015d2b529158c88abe6c774bdf8158d1301bfc25a6de1984c9e8cb5774ccecd,assets/city-backgrounds/v1/cities/london/day-rain.webp,04-manually-mapped-candidates/by-checklist-slot/253--london--day-rain/PRIMARY__raw-211__raw-211__rainy_thames_cityscape_with_modern_skyline.png
212,256,Seoul,Day,Rain,256-seoul-day-rain.png,PRIMARY_FOR_SLOT,LOW,best-fit visual match; generic or ambiguous skyline,raw-212__rainy_cityscape_with_bridge_and_skyline.png,3,df1e612b5484c602ea49a390cbdd65378106e1148a83cc02c6aaad30a0921eca,assets/city-backgrounds/v1/cities/seoul/day-rain.webp,04-manually-mapped-candidates/by-checklist-slot/256--seoul--day-rain/PRIMARY__raw-212__raw-212__rainy_cityscape_with_bridge_and_skyline.png
213,248,Tokyo,Day,Rain,248-tokyo-day-rain.png,PRIMARY_FOR_SLOT,HIGH,distinctive landmark/skyline visual match,raw-213__rainy_city_skyline_with_lattice_tower.png,3,35986b9522ec00dfffc5910d3a14531a73ffd78e52aa4bd1620a6f4cf9a288de,assets/city-backgrounds/v1/cities/tokyo/day-rain.webp,04-manually-mapped-candidates/by-checklist-slot/248--tokyo--day-rain/PRIMARY__raw-213__raw-213__rainy_city_skyline_with_lattice_tower.png
214,255,San Francisco,Day,Rain,255-san-francisco-day-rain.png,PRIMARY_FOR_SLOT,HIGH,distinctive landmark/skyline visual match,raw-214__rainy_city_street_descending_to_bay.png,3,2d4d73e5fddad92ba0e9b97fa90b94a1495a45e2d8af23c54f356d67a1d0e826,assets/city-backgrounds/v1/cities/san-francisco/day-rain.webp,04-manually-mapped-candidates/by-checklist-slot/255--san-francisco--day-rain/PRIMARY__raw-214__raw-214__rainy_city_street_descending_to_bay.png
215,250,Hong Kong,Day,Rain,250-hong-kong-day-rain.png,DUPLICATE_FOR_SLOT,HIGH,distinctive landmark/skyline visual match,raw-215__rainy_cityscape_with_misty_skyline.png,3,fc190496ae18630e203bae138a497ea725df700ec2cc70a016fde00ba8469784,assets/city-backgrounds/v1/duplicates/250/raw-215--hong-kong--day-rain.webp,04-manually-mapped-candidates/by-checklist-slot/250--hong-kong--day-rain/DUPLICATE-01__raw-215__raw-215__rainy_cityscape_with_misty_skyline.png
216,251,Kyoto,Day,Rain,251-kyoto-day-rain.png,PRIMARY_FOR_SLOT,HIGH,distinctive landmark/skyline visual match,raw-216__rainy_temple_district_in_japan.png,3,b290219752c9de87532da41dd63795cd36ee18534f1f2095cb4610223518fd75,assets/city-backgrounds/v1/cities/kyoto/day-rain.webp,04-manually-mapped-candidates/by-checklist-slot/251--kyoto--day-rain/PRIMARY__raw-216__raw-216__rainy_temple_district_in_japan.png
217,252,Shanghai,Day,Rain,252-shanghai-day-rain.png,PRIMARY_FOR_SLOT,HIGH,source filename explicitly names the city,raw-217__rainy_promenade_with_distant_shanghai_skyline.png,3,62ab4b5c54e86da09188e7567854d7e4ccda5da86da6c84726f72dd61ce06010,assets/city-backgrounds/v1/cities/shanghai/day-rain.webp,04-manually-mapped-candidates/by-checklist-slot/252--shanghai--day-rain/PRIMARY__raw-217__raw-217__rainy_promenade_with_distant_shanghai_skyline.png
218,249,Paris,Day,Rain,249-paris-day-rain.png,DUPLICATE_OF_VERIFIED_CANONICAL,HIGH,source filename explicitly names the city,raw-218__rainy_paris_skyline_from_above.png,3,6bf48d0a7b3c3141a462022de367ac838b25024740986b08e6a6d5a1ebd52f26,assets/city-backgrounds/v1/duplicates/249/raw-218--paris--day-rain.webp,04-manually-mapped-candidates/by-checklist-slot/249--paris--day-rain/DUPLICATE-CANONICAL-01__raw-218__raw-218__rainy_paris_skyline_from_above.png
219,241,Kuala Lumpur,Night,Cloudy/Foggy,241-kuala-lumpur-night-cloudy-foggy.png,PRIMARY_FOR_SLOT,LOW,best-fit visual match; generic or ambiguous skyline,raw-219__city_skyline_under_overcast_night_sky.png,3,3d8396a3be6d835ae5fbdb507391803191ab9aa93f7b19c5419ff9fa1f7ee19d,assets/city-backgrounds/v1/cities/kuala-lumpur/night-cloudy-foggy.webp,04-manually-mapped-candidates/by-checklist-slot/241--kuala-lumpur--night-cloudy-foggy/PRIMARY__raw-219__raw-219__city_skyline_under_overcast_night_sky.png
220,244,Los Angeles,Day,Rain,244-los-angeles-day-rain.png,PRIMARY_FOR_SLOT,HIGH,distinctive landmark/skyline visual match,raw-220__rainy_urban_freeway_under_gray_skies.png,3,55db78d653c7f396be0359ed51719ffc3f49e393257658817dd71f6ff8f22fc9,assets/city-backgrounds/v1/cities/los-angeles/day-rain.webp,04-manually-mapped-candidates/by-checklist-slot/244--los-angeles--day-rain/PRIMARY__raw-220__raw-220__rainy_urban_freeway_under_gray_skies.png
221,245,Chicago,Day,Rain,245-chicago-day-rain.png,PRIMARY_FOR_SLOT,HIGH,distinctive landmark/skyline visual match,raw-221__rainy_cityscape_with_industrial_rooftops.png,3,541780b47b95d6da195e3501951d23b71375bcce6ca8b2391bf188f64a870bf1,assets/city-backgrounds/v1/cities/chicago/day-rain.webp,04-manually-mapped-candidates/by-checklist-slot/245--chicago--day-rain/PRIMARY__raw-221__raw-221__rainy_cityscape_with_industrial_rooftops.png
222,240,Delhi,Night,Cloudy/Foggy,240-delhi-night-cloudy-foggy.png,PRIMARY_FOR_SLOT,LOW,best-fit visual match; generic or ambiguous skyline,raw-222__city_skyline_shrouded_in_haze.png,3,ef4e4d5fc8c56c1b4930f66112402697a3c9dd209a4dadaf2663836d500a4b3a,assets/city-backgrounds/v1/cities/delhi/night-cloudy-foggy.webp,04-manually-mapped-candidates/by-checklist-slot/240--delhi--night-cloudy-foggy/PRIMARY__raw-222__raw-222__city_skyline_shrouded_in_haze.png
223,235,Cairo,Night,Cloudy/Foggy,235-cairo-night-cloudy-foggy.png,PRIMARY_FOR_SLOT,LOW,best-fit visual match; generic or ambiguous skyline,raw-223__city_skyline_under_a_hazy_night_sky.png,3,7edc3bac7b815a45c2be5b67255e3b8de751bb156b81f48e794009b1b8cbe695,assets/city-backgrounds/v1/cities/cairo/night-cloudy-foggy.webp,04-manually-mapped-candidates/by-checklist-slot/235--cairo--night-cloudy-foggy/PRIMARY__raw-223__raw-223__city_skyline_under_a_hazy_night_sky.png
224,242,Jakarta,Night,Cloudy/Foggy,242-jakarta-night-cloudy-foggy.png,PRIMARY_FOR_SLOT,LOW,best-fit visual match; generic or ambiguous skyline,raw-224__city_skyline_under_a_moody_sky.png,3,ff624f457d5ab0a115b74b779ebb9939acfd76904551202e79df46adf2fa47ac,assets/city-backgrounds/v1/cities/jakarta/night-cloudy-foggy.webp,04-manually-mapped-candidates/by-checklist-slot/242--jakarta--night-cloudy-foggy/PRIMARY__raw-224__raw-224__city_skyline_under_a_moody_sky.png
225,241,Kuala Lumpur,Night,Cloudy/Foggy,241-kuala-lumpur-night-cloudy-foggy.png,DUPLICATE_FOR_SLOT,MEDIUM,manual visual skyline/architecture match,raw-225__city_skyline_under_misty_clouds.png,3,9da6be1b28cf9442369594c47c0598c61bd36d02dc4b4049e51480dba2388ca9,assets/city-backgrounds/v1/duplicates/241/raw-225--kuala-lumpur--night-cloudy-foggy.webp,04-manually-mapped-candidates/by-checklist-slot/241--kuala-lumpur--night-cloudy-foggy/DUPLICATE-01__raw-225__raw-225__city_skyline_under_misty_clouds.png
226,243,Manila,Night,Cloudy/Foggy,243-manila-night-cloudy-foggy.png,PRIMARY_FOR_SLOT,LOW,best-fit visual match; generic or ambiguous skyline,raw-226__city_skyline_under_a_misty_night_sky.png,3,72352ff431d62809fa3ae4dd700be18bbae6b56b5e40323fdd63c4d7ea8ed95c,assets/city-backgrounds/v1/cities/manila/night-cloudy-foggy.webp,04-manually-mapped-candidates/by-checklist-slot/243--manila--night-cloudy-foggy/PRIMARY__raw-226__raw-226__city_skyline_under_a_misty_night_sky.png
227,212,Shanghai,Night,Cloudy/Foggy,212-shanghai-night-cloudy-foggy.png,PRIMARY_FOR_SLOT,LOW,best-fit visual match; generic or ambiguous skyline,raw-227__city_skyline_at_night_with_fog.png,3,7cbb53243243fcb71a9b6cf381d359d38d5eb138de5c2bd8008555ae8adba0bd,assets/city-backgrounds/v1/cities/shanghai/night-cloudy-foggy.webp,04-manually-mapped-candidates/by-checklist-slot/212--shanghai--night-cloudy-foggy/PRIMARY__raw-227__raw-227__city_skyline_at_night_with_fog.png
228,232,Vienna,Night,Cloudy/Foggy,232-vienna-night-cloudy-foggy.png,PRIMARY_FOR_SLOT,LOW,best-fit visual match; generic or ambiguous skyline,raw-228__foggy_cityscape_with_illuminated_towers.png,3,a9bbd800a0727ccf57cfa26912c3b07ced0ee69c723744abbd30346d03bd8764,assets/city-backgrounds/v1/cities/vienna/night-cloudy-foggy.webp,04-manually-mapped-candidates/by-checklist-slot/232--vienna--night-cloudy-foggy/PRIMARY__raw-228__raw-228__foggy_cityscape_with_illuminated_towers.png
229,246,New York,Day,Rain,246-new-york-day-rain.png,DUPLICATE_OF_VERIFIED_CANONICAL,HIGH,distinctive landmark/skyline visual match,raw-229__rainy_urban_cityscape_with_distant_skyline.png,4,8b201ef3daacdb8358225cc0f8141023eb520e402cf04da59a4ace38c57c40ec,assets/city-backgrounds/v1/duplicates/246/raw-229--new-york--day-rain.webp,04-manually-mapped-candidates/by-checklist-slot/246--new-york--day-rain/DUPLICATE-CANONICAL-01__raw-229__raw-229__rainy_urban_cityscape_with_distant_skyline.png
230,234,Istanbul,Night,Cloudy/Foggy,234-istanbul-night-cloudy-foggy.png,PRIMARY_FOR_SLOT,HIGH,distinctive landmark/skyline visual match,raw-230__nighttime_cityscape_with_illuminated_bridges_and_m.png,4,f90aec4b43ccfb6056b221f5e30255787381da0824adb023cb1af10c053ba15f,assets/city-backgrounds/v1/cities/istanbul/night-cloudy-foggy.webp,04-manually-mapped-candidates/by-checklist-slot/234--istanbul--night-cloudy-foggy/PRIMARY__raw-230__raw-230__nighttime_cityscape_with_illuminated_bridges_and_m.png
231,235,Cairo,Night,Cloudy/Foggy,235-cairo-night-cloudy-foggy.png,DUPLICATE_FOR_SLOT,LOW,best-fit visual match; generic or ambiguous skyline,raw-231__city_lights_and_reflections_at_night.png,4,947ded02d9406734b93cba30959138670b3a9c7e241f60fb6fad6fc44a1a5950,assets/city-backgrounds/v1/duplicates/235/raw-231--cairo--night-cloudy-foggy.webp,04-manually-mapped-candidates/by-checklist-slot/235--cairo--night-cloudy-foggy/DUPLICATE-01__raw-231__raw-231__city_lights_and_reflections_at_night.png
232,229,Milan,Night,Cloudy/Foggy,229-milan-night-cloudy-foggy.png,PRIMARY_FOR_SLOT,LOW,best-fit visual match; generic or ambiguous skyline,raw-232__cityscape_under_dusk_skies_with_landmarks.png,4,14ddbdfd1d2b9c20489274e62e549e8d4295ba9b681e1a876a254e9a4a7f4a48,assets/city-backgrounds/v1/cities/milan/night-cloudy-foggy.webp,04-manually-mapped-candidates/by-checklist-slot/229--milan--night-cloudy-foggy/PRIMARY__raw-232__raw-232__cityscape_under_dusk_skies_with_landmarks.png
233,233,Prague,Night,Cloudy/Foggy,233-prague-night-cloudy-foggy.png,PRIMARY_FOR_SLOT,HIGH,source filename explicitly names the city,raw-233__nighttime_glow_over_prague_s_skyline.png,4,e91932f8878415b95f71575c0698e8e1ce50a5c42898c7306dc7adff6369bd9b,assets/city-backgrounds/v1/cities/prague/night-cloudy-foggy.webp,04-manually-mapped-candidates/by-checklist-slot/233--prague--night-cloudy-foggy/PRIMARY__raw-233__raw-233__nighttime_glow_over_prague_s_skyline.png
234,231,Amsterdam,Night,Cloudy/Foggy,231-amsterdam-night-cloudy-foggy.png,PRIMARY_FOR_SLOT,HIGH,source filename explicitly names the city,raw-234__foggy_amsterdam_canal_at_night.png,4,49d7803d04b36f989f33c429005c0b17d572eb5b2d91aad3d279239780d0ee23,assets/city-backgrounds/v1/cities/amsterdam/night-cloudy-foggy.webp,04-manually-mapped-candidates/by-checklist-slot/231--amsterdam--night-cloudy-foggy/PRIMARY__raw-234__raw-234__foggy_amsterdam_canal_at_night.png
235,230,Berlin,Night,Cloudy/Foggy,230-berlin-night-cloudy-foggy.png,PRIMARY_FOR_SLOT,LOW,best-fit visual match; generic or ambiguous skyline,raw-235__city_lights_under_heavy_clouds.png,4,6e37129e670613d126c5796f07224bc4b38fc82a5e1b61349c53481a37d3ed16,assets/city-backgrounds/v1/cities/berlin/night-cloudy-foggy.webp,04-manually-mapped-candidates/by-checklist-slot/230--berlin--night-cloudy-foggy/PRIMARY__raw-235__raw-235__city_lights_under_heavy_clouds.png
236,221,Vancouver,Night,Cloudy/Foggy,221-vancouver-night-cloudy-foggy.png,PRIMARY_FOR_SLOT,LOW,best-fit visual match; generic or ambiguous skyline,raw-236__misty_city_skyline_with_reflections_at_night.png,4,cbc7d2b45f75243f295ceb4ffadabaf80ede0c5d896341679686b787db62d58f,assets/city-backgrounds/v1/cities/vancouver/night-cloudy-foggy.webp,04-manually-mapped-candidates/by-checklist-slot/221--vancouver--night-cloudy-foggy/PRIMARY__raw-236__raw-236__misty_city_skyline_with_reflections_at_night.png
237,218,Dubai,Night,Cloudy/Foggy,218-dubai-night-cloudy-foggy.png,PRIMARY_FOR_SLOT,HIGH,source filename explicitly names the city,raw-237__moody_dubai_skyline_at_night.png,4,975904095c6b00630df68b33fe033691554d7d3c1450fc9b0a8ffd2b8a58c99d,assets/city-backgrounds/v1/cities/dubai/night-cloudy-foggy.webp,04-manually-mapped-candidates/by-checklist-slot/218--dubai--night-cloudy-foggy/PRIMARY__raw-237__raw-237__moody_dubai_skyline_at_night.png
238,228,Rome,Night,Cloudy/Foggy,228-rome-night-cloudy-foggy.png,PRIMARY_FOR_SLOT,HIGH,distinctive landmark/skyline visual match,raw-238__cinematic_nighttime_cityscape_with_grand_cathedral.png,4,f7f7d531d6059d3735a9940d4eded6decaf2c9c4990447ccbd3c3abeedc86efe,assets/city-backgrounds/v1/cities/rome/night-cloudy-foggy.webp,04-manually-mapped-candidates/by-checklist-slot/228--rome--night-cloudy-foggy/PRIMARY__raw-238__raw-238__cinematic_nighttime_cityscape_with_grand_cathedral.png
239,222,Mexico City,Night,Cloudy/Foggy,222-mexico-city-night-cloudy-foggy.png,PRIMARY_FOR_SLOT,LOW,best-fit visual match; generic or ambiguous skyline,raw-239__city_skyline_under_overcast_skies.png,4,9cf596210807859afec439ccf0a2b656d6b760b79cdaef63e74773e8b951b022,assets/city-backgrounds/v1/cities/mexico-city/night-cloudy-foggy.webp,04-manually-mapped-candidates/by-checklist-slot/222--mexico-city--night-cloudy-foggy/PRIMARY__raw-239__raw-239__city_skyline_under_overcast_skies.png
240,209,Paris,Night,Cloudy/Foggy,209-paris-night-cloudy-foggy.png,PRIMARY_FOR_SLOT,HIGH,distinctive landmark/skyline visual match,raw-240__cityscape_under_a_brooding_sky.png,4,e2410937b6890af88a9c7a79927a164550f0ab701529a225fbde3f837afea8e1,assets/city-backgrounds/v1/cities/paris/night-cloudy-foggy.webp,04-manually-mapped-candidates/by-checklist-slot/209--paris--night-cloudy-foggy/PRIMARY__raw-240__raw-240__cityscape_under_a_brooding_sky.png
241,210,Hong Kong,Night,Cloudy/Foggy,210-hong-kong-night-cloudy-foggy.png,DUPLICATE_OF_VERIFIED_CANONICAL,LOW,best-fit visual match; generic or ambiguous skyline,raw-241__urban_skyline_under_moody_clouds.png,4,edc1474b40877821a40e405c23b044196686203dfdbacb48467db6eca16beab9,assets/city-backgrounds/v1/duplicates/210/raw-241--hong-kong--night-cloudy-foggy.webp,04-manually-mapped-candidates/by-checklist-slot/210--hong-kong--night-cloudy-foggy/DUPLICATE-CANONICAL-01__raw-241__raw-241__urban_skyline_under_moody_clouds.png
242,236,Cape Town,Night,Cloudy/Foggy,236-cape-town-night-cloudy-foggy.png,PRIMARY_FOR_SLOT,HIGH,distinctive landmark/skyline visual match,raw-242__city_lights_beneath_mountain_mist.png,4,b011ee45df3f7590f9ef60710081b6f1a3d24ed40c2d09fd4588dfbe7333d781,assets/city-backgrounds/v1/cities/cape-town/night-cloudy-foggy.webp,04-manually-mapped-candidates/by-checklist-slot/236--cape-town--night-cloudy-foggy/PRIMARY__raw-242__raw-242__city_lights_beneath_mountain_mist.png
243,226,Madrid,Night,Cloudy/Foggy,226-madrid-night-cloudy-foggy.png,PRIMARY_FOR_SLOT,LOW,best-fit visual match; generic or ambiguous skyline,raw-243__misty_cityscape_with_glowing_skyscrapers.png,4,3636886db9f50ff6a8a1ff692b1bd3ef969c4262d84ea61f82995f0a0057289c,assets/city-backgrounds/v1/cities/madrid/night-cloudy-foggy.webp,04-manually-mapped-candidates/by-checklist-slot/226--madrid--night-cloudy-foggy/PRIMARY__raw-243__raw-243__misty_cityscape_with_glowing_skyscrapers.png
244,223,São Paulo,Night,Cloudy/Foggy,223-sao-paulo-night-cloudy-foggy.png,PRIMARY_FOR_SLOT,LOW,best-fit visual match; generic or ambiguous skyline,raw-244__misty_urban_skyline_at_dusk.png,4,d2f8e8c9bdea73a9128c563b476b56536e70fbfc9d08e6dfe2ad3e522704024d,assets/city-backgrounds/v1/cities/sao-paulo/night-cloudy-foggy.webp,04-manually-mapped-candidates/by-checklist-slot/223--sao-paulo--night-cloudy-foggy/PRIMARY__raw-244__raw-244__misty_urban_skyline_at_dusk.png
245,225,Buenos Aires,Night,Cloudy/Foggy,225-buenos-aires-night-cloudy-foggy.png,PRIMARY_FOR_SLOT,LOW,best-fit visual match; generic or ambiguous skyline,raw-245__city_skyline_at_night_with_mist.png,4,028f5309ff72bd70279d8cb0502b4b9f2dfe2b096f397de5d241f9d6560d573c,assets/city-backgrounds/v1/cities/buenos-aires/night-cloudy-foggy.webp,04-manually-mapped-candidates/by-checklist-slot/225--buenos-aires--night-cloudy-foggy/PRIMARY__raw-245__raw-245__city_skyline_at_night_with_mist.png
246,224,Rio de Janeiro,Night,Cloudy/Foggy,224-rio-de-janeiro-night-cloudy-foggy.png,PRIMARY_FOR_SLOT,HIGH,distinctive landmark/skyline visual match,raw-246__foggy_coastal_cityscape_at_night.png,4,5bb66bef0e7fb1cb0e25ad37133455cbfc1a1916ac63b2489c157f29a0efd230,assets/city-backgrounds/v1/cities/rio-de-janeiro/night-cloudy-foggy.webp,04-manually-mapped-candidates/by-checklist-slot/224--rio-de-janeiro--night-cloudy-foggy/PRIMARY__raw-246__raw-246__foggy_coastal_cityscape_at_night.png
247,220,Toronto,Night,Cloudy/Foggy,220-toronto-night-cloudy-foggy.png,PRIMARY_FOR_SLOT,LOW,best-fit visual match; generic or ambiguous skyline,raw-247__cityscape_under_misty_skies_at_night.png,4,f42f7838678d118cf9bc33f7aac36d6849bef9b1c21c6e23a103e91bae89faff,assets/city-backgrounds/v1/cities/toronto/night-cloudy-foggy.webp,04-manually-mapped-candidates/by-checklist-slot/220--toronto--night-cloudy-foggy/PRIMARY__raw-247__raw-247__cityscape_under_misty_skies_at_night.png
248,209,Paris,Night,Cloudy/Foggy,209-paris-night-cloudy-foggy.png,DUPLICATE_FOR_SLOT,HIGH,source filename explicitly names the city,raw-248__foggy_paris_skyline_at_night.png,4,4d4ef37155d055938d6d6c527a8280a5e04dd544fc8d1974179484e67df257f4,assets/city-backgrounds/v1/duplicates/209/raw-248--paris--night-cloudy-foggy.webp,04-manually-mapped-candidates/by-checklist-slot/209--paris--night-cloudy-foggy/DUPLICATE-01__raw-248__raw-248__foggy_paris_skyline_at_night.png
249,215,San Francisco,Night,Cloudy/Foggy,215-san-francisco-night-cloudy-foggy.png,PRIMARY_FOR_SLOT,HIGH,distinctive landmark/skyline visual match,raw-249__stormy_cityscape_with_glowing_bridge.png,4,2747f1e7fc48d4bbe287028768ac43206749d5f82b8873a99a85901c29482089,assets/city-backgrounds/v1/cities/san-francisco/night-cloudy-foggy.webp,04-manually-mapped-candidates/by-checklist-slot/215--san-francisco--night-cloudy-foggy/PRIMARY__raw-249__raw-249__stormy_cityscape_with_glowing_bridge.png
250,211,Kyoto,Night,Cloudy/Foggy,211-kyoto-night-cloudy-foggy.png,PRIMARY_FOR_SLOT,HIGH,distinctive landmark/skyline visual match,raw-250__cityscape_and_temple_under_misty_sky.png,4,05217352cd6684bce3805a499d55bfa375c06378361d39a8fada438104554584,assets/city-backgrounds/v1/cities/kyoto/night-cloudy-foggy.webp,04-manually-mapped-candidates/by-checklist-slot/211--kyoto--night-cloudy-foggy/PRIMARY__raw-250__raw-250__cityscape_and_temple_under_misty_sky.png
251,212,Shanghai,Night,Cloudy/Foggy,212-shanghai-night-cloudy-foggy.png,DUPLICATE_FOR_SLOT,HIGH,distinctive landmark/skyline visual match,raw-251__city_skyline_reflected_on_misty_river.png,4,a429d6b60606e10136ef4c3dce38f27f56c20db66de9f08fb02fbf1719fdd9c6,assets/city-backgrounds/v1/duplicates/212/raw-251--shanghai--night-cloudy-foggy.webp,04-manually-mapped-candidates/by-checklist-slot/212--shanghai--night-cloudy-foggy/DUPLICATE-01__raw-251__raw-251__city_skyline_reflected_on_misty_river.png
252,216,Seoul,Night,Cloudy/Foggy,216-seoul-night-cloudy-foggy.png,PRIMARY_FOR_SLOT,LOW,best-fit visual match; generic or ambiguous skyline,raw-252__city_skyline_under_misty_night_sky.png,4,143fe094bdd376f7b7420f7e8e70d6b760cb5ec1df4e2bf11e12c2eec60c84f5,assets/city-backgrounds/v1/cities/seoul/night-cloudy-foggy.webp,04-manually-mapped-candidates/by-checklist-slot/216--seoul--night-cloudy-foggy/PRIMARY__raw-252__raw-252__city_skyline_under_misty_night_sky.png
253,214,Singapore,Night,Cloudy/Foggy,214-singapore-night-cloudy-foggy.png,PRIMARY_FOR_SLOT,HIGH,distinctive landmark/skyline visual match,raw-253__city_skyline_under_foggy_night_sky.png,4,746946b9f78cf1026cc50214a7fa7ec5b4dc2c4fcb232f478477429923435b1f,assets/city-backgrounds/v1/cities/singapore/night-cloudy-foggy.webp,04-manually-mapped-candidates/by-checklist-slot/214--singapore--night-cloudy-foggy/PRIMARY__raw-253__raw-253__city_skyline_under_foggy_night_sky.png
254,207,Boston,Night,Cloudy/Foggy,207-boston-night-cloudy-foggy.png,PRIMARY_FOR_SLOT,LOW,best-fit visual match; generic or ambiguous skyline,raw-254__city_skyline_reflections_on_a_waterfront_pier.png,4,8e04b98294991630536fc52305771866e937d59e4bab4913fda3e4a59c692bc2,assets/city-backgrounds/v1/cities/boston/night-cloudy-foggy.webp,04-manually-mapped-candidates/by-checklist-slot/207--boston--night-cloudy-foggy/PRIMARY__raw-254__raw-254__city_skyline_reflections_on_a_waterfront_pier.png
255,213,London,Night,Cloudy/Foggy,213-london-night-cloudy-foggy.png,PRIMARY_FOR_SLOT,HIGH,source filename explicitly names the city,raw-255__foggy_london_skyline_by_the_thames.png,4,c8a61a91826f03831022db85ec0661a9053cfd766628da36ed0ed39f40c54f95,assets/city-backgrounds/v1/cities/london/night-cloudy-foggy.webp,04-manually-mapped-candidates/by-checklist-slot/213--london--night-cloudy-foggy/PRIMARY__raw-255__raw-255__foggy_london_skyline_by_the_thames.png
256,208,Tokyo,Night,Cloudy/Foggy,208-tokyo-night-cloudy-foggy.png,PRIMARY_FOR_SLOT,HIGH,distinctive landmark/skyline visual match,raw-256__city_skyline_under_moody_clouds.png,4,a17cc67a195bdedc60bd31df20e53e1116b9d03387d205f68b248c1ecf09394b,assets/city-backgrounds/v1/cities/tokyo/night-cloudy-foggy.webp,04-manually-mapped-candidates/by-checklist-slot/208--tokyo--night-cloudy-foggy/PRIMARY__raw-256__raw-256__city_skyline_under_moody_clouds.png
257,201,Kuala Lumpur,Day,Cloudy/Foggy,201-kuala-lumpur-day-cloudy-foggy.png,PRIMARY_FOR_SLOT,LOW,best-fit visual match; generic or ambiguous skyline,raw-257__urban_skyline_with_misty_greenery_view.png,4,74fe2b4d9a3b1da31c3707c591e6da497628da47540f8e0873ba926deb7c8b94,assets/city-backgrounds/v1/cities/kuala-lumpur/day-cloudy-foggy.webp,04-manually-mapped-candidates/by-checklist-slot/201--kuala-lumpur--day-cloudy-foggy/PRIMARY__raw-257__raw-257__urban_skyline_with_misty_greenery_view.png
258,206,New York,Night,Cloudy/Foggy,206-new-york-night-cloudy-foggy.png,PRIMARY_FOR_SLOT,HIGH,distinctive landmark/skyline visual match,raw-258__city_lights_and_bridge_at_night.png,4,5793698ef0922825f1b64b58eaf53f6b9c9a99819198cbfc8c36f1e65dd5b8b3,assets/city-backgrounds/v1/cities/new-york/night-cloudy-foggy.webp,04-manually-mapped-candidates/by-checklist-slot/206--new-york--night-cloudy-foggy/PRIMARY__raw-258__raw-258__city_lights_and_bridge_at_night.png
259,198,Bangkok,Day,Cloudy/Foggy,198-bangkok-day-cloudy-foggy.png,PRIMARY_FOR_SLOT,LOW,best-fit visual match; generic or ambiguous skyline,raw-259__urban_skyline_under_cloudy_skies.png,4,b5239ef931c3a9d7330c24fc4c1fb5332811b65dee90127a82526bd301e8c741,assets/city-backgrounds/v1/cities/bangkok/day-cloudy-foggy.webp,04-manually-mapped-candidates/by-checklist-slot/198--bangkok--day-cloudy-foggy/PRIMARY__raw-259__raw-259__urban_skyline_under_cloudy_skies.png
260,202,Jakarta,Day,Cloudy/Foggy,202-jakarta-day-cloudy-foggy.png,PRIMARY_FOR_SLOT,LOW,best-fit visual match; generic or ambiguous skyline,raw-260__city_skyline_under_overcast_sky.png,4,76ef66919dee42cfdce6231e1455ea17c313e6a9ff44a404c3214edebcda7525,assets/city-backgrounds/v1/cities/jakarta/day-cloudy-foggy.webp,04-manually-mapped-candidates/by-checklist-slot/202--jakarta--day-cloudy-foggy/PRIMARY__raw-260__raw-260__city_skyline_under_overcast_sky.png
261,237,Nairobi,Night,Cloudy/Foggy,237-nairobi-night-cloudy-foggy.png,PRIMARY_FOR_SLOT,LOW,best-fit visual match; generic or ambiguous skyline,raw-261__city_skyline_under_foggy_clouds.png,4,06ce649092e89f834cc5ab64228a2ba5f450a3cbdab7fe624d94820bd1dcd5a1,assets/city-backgrounds/v1/cities/nairobi/night-cloudy-foggy.webp,04-manually-mapped-candidates/by-checklist-slot/237--nairobi--night-cloudy-foggy/PRIMARY__raw-261__raw-261__city_skyline_under_foggy_clouds.png
262,200,Delhi,Day,Cloudy/Foggy,200-delhi-day-cloudy-foggy.png,PRIMARY_FOR_SLOT,HIGH,distinctive landmark/skyline visual match,raw-262__urban_haze_and_lotus_silhouette.png,4,6f64c3721cf3dde46e5201c208e93325dc5ebf6390a9254e38565dacabf1ed46,assets/city-backgrounds/v1/cities/delhi/day-cloudy-foggy.webp,04-manually-mapped-candidates/by-checklist-slot/200--delhi--day-cloudy-foggy/PRIMARY__raw-262__raw-262__urban_haze_and_lotus_silhouette.png
263,176,Seoul,Day,Cloudy/Foggy,176-seoul-day-cloudy-foggy.png,DUPLICATE_OF_VERIFIED_CANONICAL,LOW,best-fit visual match; generic or ambiguous skyline,raw-263__hazy_cityscape_with_bridge_and_buildings.png,4,41eeee8fb5a1fa48b89d8520bd588c672fb617a27e1d653ff6a2544a86542eef,assets/city-backgrounds/v1/duplicates/176/raw-263--seoul--day-cloudy-foggy.webp,04-manually-mapped-candidates/by-checklist-slot/176--seoul--day-cloudy-foggy/DUPLICATE-CANONICAL-01__raw-263__raw-263__hazy_cityscape_with_bridge_and_buildings.png
264,239,Mumbai,Night,Cloudy/Foggy,239-mumbai-night-cloudy-foggy.png,PRIMARY_FOR_SLOT,HIGH,distinctive landmark/skyline visual match,raw-264__foggy_cityscape_with_glowing_skyline.png,4,a54cbfea1da39cab110150e63b87a8924efbe5e29148ae65bc64cfabee9e0d25,assets/city-backgrounds/v1/cities/mumbai/night-cloudy-foggy.webp,04-manually-mapped-candidates/by-checklist-slot/239--mumbai--night-cloudy-foggy/PRIMARY__raw-264__raw-264__foggy_cityscape_with_glowing_skyline.png
265,192,Vienna,Day,Cloudy/Foggy,192-vienna-day-cloudy-foggy.png,PRIMARY_FOR_SLOT,LOW,best-fit visual match; generic or ambiguous skyline,raw-265__overcast_cityscape_with_domes_and_spires.png,4,c06cb598aff6f064af873f1a85204c12ae612737372e0055c8726d08fba7df26,assets/city-backgrounds/v1/cities/vienna/day-cloudy-foggy.webp,04-manually-mapped-candidates/by-checklist-slot/192--vienna--day-cloudy-foggy/PRIMARY__raw-265__raw-265__overcast_cityscape_with_domes_and_spires.png
266,198,Bangkok,Day,Cloudy/Foggy,198-bangkok-day-cloudy-foggy.png,DUPLICATE_FOR_SLOT,LOW,best-fit visual match; generic or ambiguous skyline,raw-266__urban_skyline_with_temple_vistas.png,4,cb85aaf3c87f301d440297d1558d8925c040899a7ae258e8ec7a401ec2d13b29,assets/city-backgrounds/v1/duplicates/198/raw-266--bangkok--day-cloudy-foggy.webp,04-manually-mapped-candidates/by-checklist-slot/198--bangkok--day-cloudy-foggy/DUPLICATE-01__raw-266__raw-266__urban_skyline_with_temple_vistas.png
267,193,Prague,Day,Cloudy/Foggy,193-prague-day-cloudy-foggy.png,DUPLICATE_OF_VERIFIED_CANONICAL,HIGH,distinctive landmark/skyline visual match,raw-267__overcast_view_of_a_historic_city.png,4,2b2be208b60e55210ad842f8c0b69a79ec67c882ae6e7524d69125e6af39c420,assets/city-backgrounds/v1/duplicates/193/raw-267--prague--day-cloudy-foggy.webp,04-manually-mapped-candidates/by-checklist-slot/193--prague--day-cloudy-foggy/DUPLICATE-CANONICAL-01__raw-267__raw-267__overcast_view_of_a_historic_city.png
268,190,Berlin,Day,Cloudy/Foggy,190-berlin-day-cloudy-foggy.png,PRIMARY_FOR_SLOT,HIGH,source filename explicitly names the city,raw-268__berlin_cityscape_with_tv_tower.png,4,24f1f3aa4cf4e8a19b14e2b760f8ff602e82a6339be388bd2ace4d4d02731bc4,assets/city-backgrounds/v1/cities/berlin/day-cloudy-foggy.webp,04-manually-mapped-candidates/by-checklist-slot/190--berlin--day-cloudy-foggy/PRIMARY__raw-268__raw-268__berlin_cityscape_with_tv_tower.png
269,196,Cape Town,Day,Cloudy/Foggy,196-cape-town-day-cloudy-foggy.png,PRIMARY_FOR_SLOT,HIGH,distinctive landmark/skyline visual match,raw-269__coastal_cityscape_with_misty_mountains.png,4,cc7facb7b3f830b7e5df97a856781c87aff1d904cc4d378f7dc2c7622b0760ce,assets/city-backgrounds/v1/cities/cape-town/day-cloudy-foggy.webp,04-manually-mapped-candidates/by-checklist-slot/196--cape-town--day-cloudy-foggy/PRIMARY__raw-269__raw-269__coastal_cityscape_with_misty_mountains.png
270,189,Milan,Day,Cloudy/Foggy,189-milan-day-cloudy-foggy.png,PRIMARY_FOR_SLOT,LOW,best-fit visual match; generic or ambiguous skyline,raw-270__urban_sprawl_under_a_cloudy_sky.png,4,f455c533cb7d353f52e7808d486bd26a3baae5c10332f23da47ce7620908c869,assets/city-backgrounds/v1/cities/milan/day-cloudy-foggy.webp,04-manually-mapped-candidates/by-checklist-slot/189--milan--day-cloudy-foggy/PRIMARY__raw-270__raw-270__urban_sprawl_under_a_cloudy_sky.png
271,186,Madrid,Day,Cloudy/Foggy,186-madrid-day-cloudy-foggy.png,PRIMARY_FOR_SLOT,LOW,best-fit visual match; generic or ambiguous skyline,raw-271__urban_skyline_with_distant_hills_and_spires.png,4,6e928403f016a51b943c1caa09f6a6e8be1a72cc95eb35491e0fe3fb2c6343f1,assets/city-backgrounds/v1/cities/madrid/day-cloudy-foggy.webp,04-manually-mapped-candidates/by-checklist-slot/186--madrid--day-cloudy-foggy/PRIMARY__raw-271__raw-271__urban_skyline_with_distant_hills_and_spires.png
272,195,Cairo,Day,Cloudy/Foggy,195-cairo-day-cloudy-foggy.png,PRIMARY_FOR_SLOT,LOW,best-fit visual match; generic or ambiguous skyline,raw-272__muted_urban_expanse_under_gray_skies.png,4,618355e65be12e80e7478a0212bc394e079e43a5b598e3791ebf258c3697b1c1,assets/city-backgrounds/v1/cities/cairo/day-cloudy-foggy.webp,04-manually-mapped-candidates/by-checklist-slot/195--cairo--day-cloudy-foggy/PRIMARY__raw-272__raw-272__muted_urban_expanse_under_gray_skies.png
273,188,Rome,Day,Cloudy/Foggy,188-rome-day-cloudy-foggy.png,PRIMARY_FOR_SLOT,HIGH,source filename explicitly names the city,raw-273__rome_cityscape_under_gray_skies.png,4,995de10c18fc0554188783ce495e3be1a3b41369d042b122cc1053315590d95b,assets/city-backgrounds/v1/cities/rome/day-cloudy-foggy.webp,04-manually-mapped-candidates/by-checklist-slot/188--rome--day-cloudy-foggy/PRIMARY__raw-273__raw-273__rome_cityscape_under_gray_skies.png
274,191,Amsterdam,Day,Cloudy/Foggy,191-amsterdam-day-cloudy-foggy.png,DUPLICATE_OF_VERIFIED_CANONICAL,LOW,best-fit visual match; generic or ambiguous skyline,raw-274__muted_european_cityscape_with_domed_church.png,4,7eba89fa60c78f8576e938676e03e88d33b20df6806b507c279c67442d71e2c7,assets/city-backgrounds/v1/duplicates/191/raw-274--amsterdam--day-cloudy-foggy.webp,04-manually-mapped-candidates/by-checklist-slot/191--amsterdam--day-cloudy-foggy/DUPLICATE-CANONICAL-01__raw-274__raw-274__muted_european_cityscape_with_domed_church.png
275,194,Istanbul,Day,Cloudy/Foggy,194-istanbul-day-cloudy-foggy.png,PRIMARY_FOR_SLOT,HIGH,distinctive landmark/skyline visual match,raw-275__muted_cityscape_with_minaret_and_water.png,4,4dbea75ffd5b7f03350da2cfec74911e30806244d2abd5c10234e1ce641a9dde,assets/city-backgrounds/v1/cities/istanbul/day-cloudy-foggy.webp,04-manually-mapped-candidates/by-checklist-slot/194--istanbul--day-cloudy-foggy/PRIMARY__raw-275__raw-275__muted_cityscape_with_minaret_and_water.png
276,182,Mexico City,Day,Cloudy/Foggy,182-mexico-city-day-cloudy-foggy.png,PRIMARY_FOR_SLOT,LOW,best-fit visual match; generic or ambiguous skyline,raw-276__urban_panorama_under_overcast_skies.png,4,0761c497d9f4e4157a385c4c6e1a6dc96312297b74ad0fa566efea2d004de5c5,assets/city-backgrounds/v1/cities/mexico-city/day-cloudy-foggy.webp,04-manually-mapped-candidates/by-checklist-slot/182--mexico-city--day-cloudy-foggy/PRIMARY__raw-276__raw-276__urban_panorama_under_overcast_skies.png
277,186,Madrid,Day,Cloudy/Foggy,186-madrid-day-cloudy-foggy.png,DUPLICATE_FOR_SLOT,HIGH,distinctive landmark/skyline visual match,raw-277__historic_city_view_under_overcast_skies.png,4,394d03ebd7f54e30ddda7f2d7b619b8f3cfedab5b4fd7428b524d95fa1bfcf1e,assets/city-backgrounds/v1/duplicates/186/raw-277--madrid--day-cloudy-foggy.webp,04-manually-mapped-candidates/by-checklist-slot/186--madrid--day-cloudy-foggy/DUPLICATE-01__raw-277__raw-277__historic_city_view_under_overcast_skies.png
278,184,Rio de Janeiro,Day,Cloudy/Foggy,184-rio-de-janeiro-day-cloudy-foggy.png,PRIMARY_FOR_SLOT,HIGH,distinctive landmark/skyline visual match,raw-278__mist_over_city_by_the_waterfront.png,4,ac6d40ba223ba3323a6d44502478bf47e2c3db2bbc8260ff41ca809ea7dd99cd,assets/city-backgrounds/v1/cities/rio-de-janeiro/day-cloudy-foggy.webp,04-manually-mapped-candidates/by-checklist-slot/184--rio-de-janeiro--day-cloudy-foggy/PRIMARY__raw-278__raw-278__mist_over_city_by_the_waterfront.png
279,183,São Paulo,Day,Cloudy/Foggy,183-sao-paulo-day-cloudy-foggy.png,PRIMARY_FOR_SLOT,LOW,best-fit visual match; generic or ambiguous skyline,raw-279__urban_skyline_under_overcast_sky.png,4,68863a68914b3d7feab7156f5557876b4d745ff8357d5b43c5e1825fc8c243b5,assets/city-backgrounds/v1/cities/sao-paulo/day-cloudy-foggy.webp,04-manually-mapped-candidates/by-checklist-slot/183--sao-paulo--day-cloudy-foggy/PRIMARY__raw-279__raw-279__urban_skyline_under_overcast_sky.png
280,185,Buenos Aires,Day,Cloudy/Foggy,185-buenos-aires-day-cloudy-foggy.png,PRIMARY_FOR_SLOT,LOW,best-fit visual match; generic or ambiguous skyline,raw-280__historic_cityscape_with_green_park_and_domed_build.png,4,df3b96e1106700da335bc3509a6bcaf36ffa31a521eb1b07efa646b747edbfb0,assets/city-backgrounds/v1/cities/buenos-aires/day-cloudy-foggy.webp,04-manually-mapped-candidates/by-checklist-slot/185--buenos-aires--day-cloudy-foggy/PRIMARY__raw-280__raw-280__historic_cityscape_with_green_park_and_domed_build.png
281,179,Sydney,Day,Cloudy/Foggy,179-sydney-day-cloudy-foggy.png,PRIMARY_FOR_SLOT,HIGH,source filename explicitly names the city,raw-281__sydney_opera_house_under_cloudy_skies.png,4,821d26efdec3b5f98bf5917938239852798135d17d8774641178bf2424d8981a,assets/city-backgrounds/v1/cities/sydney/day-cloudy-foggy.webp,04-manually-mapped-candidates/by-checklist-slot/179--sydney--day-cloudy-foggy/PRIMARY__raw-281__raw-281__sydney_opera_house_under_cloudy_skies.png
282,181,Vancouver,Day,Cloudy/Foggy,181-vancouver-day-cloudy-foggy.png,PRIMARY_FOR_SLOT,LOW,best-fit visual match; generic or ambiguous skyline,raw-282__misty_waterfront_cityscape_with_bridge.png,4,4be35a5f66a7e287d768d9648eb7fa49f5eb16a271e4c87d49daeecdf5947f60,assets/city-backgrounds/v1/cities/vancouver/day-cloudy-foggy.webp,04-manually-mapped-candidates/by-checklist-slot/181--vancouver--day-cloudy-foggy/PRIMARY__raw-282__raw-282__misty_waterfront_cityscape_with_bridge.png
283,180,Toronto,Day,Cloudy/Foggy,180-toronto-day-cloudy-foggy.png,PRIMARY_FOR_SLOT,LOW,best-fit visual match; generic or ambiguous skyline,raw-283__foggy_cityscape_with_marina_view.png,4,a53b4423dd5b64384c8dba2f2bf379502defd6206e9fe0ba5e643d0c50a0ead6,assets/city-backgrounds/v1/cities/toronto/day-cloudy-foggy.webp,04-manually-mapped-candidates/by-checklist-slot/180--toronto--day-cloudy-foggy/PRIMARY__raw-283__raw-283__foggy_cityscape_with_marina_view.png
284,177,Beijing,Day,Cloudy/Foggy,177-beijing-day-cloudy-foggy.png,DUPLICATE_OF_VERIFIED_CANONICAL,HIGH,distinctive landmark/skyline visual match,raw-284__cityscape_beneath_overcast_skies.png,4,29d0d9ea1172ccc7e9bf71b927d6a8cf77627c0c0860d7e361866f2f29580b0f,assets/city-backgrounds/v1/duplicates/177/raw-284--beijing--day-cloudy-foggy.webp,04-manually-mapped-candidates/by-checklist-slot/177--beijing--day-cloudy-foggy/DUPLICATE-CANONICAL-01__raw-284__raw-284__cityscape_beneath_overcast_skies.png
285,178,Dubai,Day,Cloudy/Foggy,178-dubai-day-cloudy-foggy.png,PRIMARY_FOR_SLOT,HIGH,distinctive landmark/skyline visual match,raw-285__urban_skyline_under_misty_skies.png,4,7b8b625ae9423f960ab1ba114b01e4b5cf5cb3159b629e4f817ff1a59e7ef2dc,assets/city-backgrounds/v1/cities/dubai/day-cloudy-foggy.webp,04-manually-mapped-candidates/by-checklist-slot/178--dubai--day-cloudy-foggy/PRIMARY__raw-285__raw-285__urban_skyline_under_misty_skies.png
286,197,Nairobi,Day,Cloudy/Foggy,197-nairobi-day-cloudy-foggy.png,DUPLICATE_OF_VERIFIED_CANONICAL,LOW,best-fit visual match; generic or ambiguous skyline,raw-286__cityscape_with_lush_greenery_and_skyline.png,4,5ee8152533e012fb26304419bc47dbd7ba0ed6270d741f2156119689d70ac25f,assets/city-backgrounds/v1/duplicates/197/raw-286--nairobi--day-cloudy-foggy.webp,04-manually-mapped-candidates/by-checklist-slot/197--nairobi--day-cloudy-foggy/DUPLICATE-CANONICAL-01__raw-286__raw-286__cityscape_with_lush_greenery_and_skyline.png
287,362,Los Angeles,Night,Storm,362-los-angeles-night-storm.png,DUPLICATE_FOR_SLOT,LOW,best-fit visual match; generic or ambiguous skyline,raw-287__a_dramatic_wide_angle_nighttime_cityscape_during_6_batch_6.png,4,6095d87f67991a5d4adbc2e87bf7c4b2ba12ea0bfd68f5ad81b06a11916be8d2,assets/city-backgrounds/v1/duplicates/362/raw-287--los-angeles--night-storm.webp,04-manually-mapped-candidates/by-checklist-slot/362--los-angeles--night-storm/DUPLICATE-02__raw-287__raw-287__a_dramatic_wide_angle_nighttime_cityscape_during_6_batch_6.png
288,366,Tokyo,Night,Storm,366-tokyo-night-storm.png,DUPLICATE_FOR_SLOT,LOW,best-fit visual match; generic or ambiguous skyline,raw-288__a_cinematic_ultra_detailed_nighttime_cityscape_un_10_batch_10.png,4,4cf852ca0a90642149319cfe34924914468e9f54acccac22000ceba3336ff67f,assets/city-backgrounds/v1/duplicates/366/raw-288--tokyo--night-storm.webp,04-manually-mapped-candidates/by-checklist-slot/366--tokyo--night-storm/DUPLICATE-01__raw-288__raw-288__a_cinematic_ultra_detailed_nighttime_cityscape_un_10_batch_10.png
289,373,San Francisco,Night,Storm,373-san-francisco-night-storm.png,PRIMARY_FOR_SLOT,HIGH,distinctive landmark/skyline visual match,raw-289__a_dramatic_cinematic_nighttime_cityscape_during_a_7_batch_7.png,4,6bba87c1a438ae14c410142ae5a300b2977beec754a598595a43ed50972ce081,assets/city-backgrounds/v1/cities/san-francisco/night-storm.webp,04-manually-mapped-candidates/by-checklist-slot/373--san-francisco--night-storm/PRIMARY__raw-289__raw-289__a_dramatic_cinematic_nighttime_cityscape_during_a_7_batch_7.png
290,362,Los Angeles,Night,Storm,362-los-angeles-night-storm.png,DUPLICATE_FOR_SLOT,LOW,best-fit visual match; generic or ambiguous skyline,raw-290__a_dramatic_ultra_realistic_nighttime_cityscape_vi_9_batch_9.png,4,117fa341c3267f459f61351709216f9e917f52ddfdbceab66253819d17b0e705,assets/city-backgrounds/v1/duplicates/362/raw-290--los-angeles--night-storm.webp,04-manually-mapped-candidates/by-checklist-slot/362--los-angeles--night-storm/DUPLICATE-03__raw-290__raw-290__a_dramatic_ultra_realistic_nighttime_cityscape_vi_9_batch_9.png
291,386,Rome,Night,Storm,386-rome-night-storm.png,DUPLICATE_FOR_SLOT,HIGH,distinctive landmark/skyline visual match,raw-291__a_dramatic_ultra_wide_high_angle_cityscape_at_ni_8_batch_8.png,4,7c8b5ec3af55f9bbb227bcac1e41db9282204f1292afa1c780186000a5d15138,assets/city-backgrounds/v1/duplicates/386/raw-291--rome--night-storm.webp,04-manually-mapped-candidates/by-checklist-slot/386--rome--night-storm/DUPLICATE-01__raw-291__raw-291__a_dramatic_ultra_wide_high_angle_cityscape_at_ni_8_batch_8.png
292,419,Mexico City,Day,Snow,419-mexico-city-day-snow.png,DUPLICATE_FOR_SLOT,LOW,best-fit visual match; generic or ambiguous skyline,raw-292__a_wide_high_angle_telephoto_cityscape_photo_take_3_batch_3.png,4,2b47547233727b81c1a158994ab9fee3a0c7953214008e7c19043e1e9de13c46,assets/city-backgrounds/v1/duplicates/419/raw-292--mexico-city--day-snow.webp,04-manually-mapped-candidates/by-checklist-slot/419--mexico-city--day-snow/DUPLICATE-02__raw-292__raw-292__a_wide_high_angle_telephoto_cityscape_photo_take_3_batch_3.png
293,434,Nairobi,Day,Snow,434-nairobi-day-snow.png,PRIMARY_FOR_SLOT,LOW,best-fit visual match; generic or ambiguous skyline,raw-293__wide_aerial_rooftop_view_of_a_large_cityscape_in_w_8_batch_8.png,4,e4722135bb5bebb4a108f73d635a76739cc2742e1f44fff407384c70c3068e4f,assets/city-backgrounds/v1/cities/nairobi/day-snow.webp,04-manually-mapped-candidates/by-checklist-slot/434--nairobi--day-snow/PRIMARY__raw-293__raw-293__wide_aerial_rooftop_view_of_a_large_cityscape_in_w_8_batch_8.png
294,443,New York,Night,Snow,443-new-york-night-snow.png,PRIMARY_FOR_SLOT,HIGH,distinctive landmark/skyline visual match,raw-294__a_wide_high_angle_cinematic_night_time_cityscape_7_batch_7.png,4,f12db12d4bd546aa19bf4f732e0ea1fe851ea308b41172670a1048f6d47dc1a1,assets/city-backgrounds/v1/cities/new-york/night-snow.webp,04-manually-mapped-candidates/by-checklist-slot/443--new-york--night-snow/PRIMARY__raw-294__raw-294__a_wide_high_angle_cinematic_night_time_cityscape_7_batch_7.png
295,444,Boston,Night,Snow,444-boston-night-snow.png,DUPLICATE_FOR_SLOT,LOW,best-fit visual match; generic or ambiguous skyline,raw-295__a_wide_cinematic_high_angle_nighttime_cityscape_8_batch_8.png,4,c022698465031f900a0663b56b526727e9180aabdec48aa16634f5c1685eaea1,assets/city-backgrounds/v1/duplicates/444/raw-295--boston--night-snow.webp,04-manually-mapped-candidates/by-checklist-slot/444--boston--night-snow/DUPLICATE-01__raw-295__raw-295__a_wide_cinematic_high_angle_nighttime_cityscape_8_batch_8.png
296,462,Buenos Aires,Night,Snow,462-buenos-aires-night-snow.png,PRIMARY_FOR_SLOT,LOW,best-fit visual match; generic or ambiguous skyline,raw-296__a_wide_elevated_panoramic_night_time_cityscape_u_8_batch_8.png,4,8f56c2da13ce043a0963ab2ab7eae2c14efa1cbb3c3addc8f537dfc9fe8f3380,assets/city-backgrounds/v1/cities/buenos-aires/night-snow.webp,04-manually-mapped-candidates/by-checklist-slot/462--buenos-aires--night-snow/PRIMARY__raw-296__raw-296__a_wide_elevated_panoramic_night_time_cityscape_u_8_batch_8.png
297,476,Mumbai,Night,Snow,476-mumbai-night-snow.png,PRIMARY_FOR_SLOT,HIGH,distinctive landmark/skyline visual match,raw-297__a_wide_high_angle_night_cityscape_scene_in_winter_10_batch_10.png,4,879af34aa3c4d9017266447f5002ddca55cd6c3c0d77e89bee81126532c542ec,assets/city-backgrounds/v1/cities/mumbai/night-snow.webp,04-manually-mapped-candidates/by-checklist-slot/476--mumbai--night-snow/PRIMARY__raw-297__raw-297__a_wide_high_angle_night_cityscape_scene_in_winter_10_batch_10.png
